Condition;File;Line number
experimental;/usr/lib/ckan/venv/src/ckan/ckan/config/middleware/flask_app.py;428
experimental;/usr/lib/ckan/venv/src/ckan/ckan/config/middleware/flask_app.py;429
experimental;/usr/lib/ckan/venv/src/ckan/ckan/templates/user/logout_first.html;1
experimental;/usr/lib/ckan/venv/src/ckan/ckan/templates/user/logout_first.html;2
experimental;/usr/lib/ckan/venv/src/ckan/ckan/templates/user/logout_first.html;3
experimental;/usr/lib/ckan/venv/src/ckan/ckan/templates/user/logout_first.html;5
experimental;/usr/lib/ckan/venv/src/ckan/ckan/templates/user/logout_first.html;6
experimental;/usr/lib/ckan/venv/src/ckan/ckan/templates/user/logout_first.html;7
experimental;/usr/lib/ckan/venv/src/ckan/ckan/templates/user/logout_first.html;9
experimental;/usr/lib/ckan/venv/src/ckan/ckan/templates/user/logout_first.html;10
experimental;/usr/lib/ckan/venv/src/ckan/ckan/templates/user/logout_first.html;11
experimental;/usr/lib/ckan/venv/src/ckan/ckan/templates/user/logout_first.html;13
experimental;/usr/lib/ckan/venv/src/ckan/ckan/templates/user/logout_first.html;14
experimental;/usr/lib/ckan/venv/src/ckan/ckan/templates/user/logout_first.html;15
experimental;/usr/lib/ckan/venv/src/ckan/ckan/templates/user/logout_first.html;16
experimental;/usr/lib/ckan/venv/src/ckan/ckan/templates/user/logout_first.html;17
experimental;/usr/lib/ckan/venv/src/ckan/ckan/templates/user/logout_first.html;18
experimental;/usr/lib/ckan/venv/src/ckan/ckan/templates/user/logout_first.html;19
experimental;/usr/lib/ckan/venv/src/ckan/ckan/templates/user/logout_first.html;20
experimental;/usr/lib/ckan/venv/src/ckan/ckan/templates/user/logout_first.html;21
experimental;/usr/lib/ckan/venv/src/ckan/ckan/templates/user/logout_first.html;22
experimental;/usr/lib/ckan/venv/src/ckan/ckan/templates/user/logout_first.html;23
experimental;/usr/lib/ckan/venv/src/ckan/ckan/templates/user/logout_first.html;25
experimental;/usr/lib/ckan/venv/src/ckan/ckan/templates/user/logout_first.html;31
experimental;/usr/lib/ckan/venv/src/ckan/ckan/templates/user/logout_first.html;32
experimental;/usr/lib/ckan/venv/src/ckan/ckan/templates/user/logout_first.html;33
experimental;/usr/lib/ckan/venv/src/ckan/ckan/templates/user/logout_first.html;35
experimental;/usr/lib/ckan/venv/src/ckan/ckan/templates/user/logout_first.html;36
experimental;/usr/lib/ckan/venv/src/ckan/ckan/templates/user/logout_first.html;37
experimental;/usr/lib/ckan/venv/src/ckan/ckan/templates/user/logout_first.html;38
experimental;/usr/lib/ckan/venv/src/ckan/ckan/templates/user/logout_first.html;40
experimental;/usr/lib/ckan/venv/src/ckan/ckan/templates/user/logout_first.html;41
experimental;/usr/lib/ckan/venv/src/ckan/ckan/templates/user/logout_first.html;42
experimental;/usr/lib/ckan/venv/src/ckan/ckan/templates/user/logout_first.html;43
experimental;/usr/lib/ckan/venv/src/ckan/ckan/templates/user/logout_first.html;44
experimental;/usr/lib/ckan/venv/src/ckan/ckan/templates/user/logout_first.html;45
experimental;/usr/lib/ckan/venv/src/ckan/ckan/templates/user/logout_first.html;46
experimental;/usr/lib/ckan/venv/src/ckan/ckan/templates/user/logout_first.html;47
experimental;/usr/lib/ckan/venv/src/ckan/ckan/templates/user/logout_first.html;50
experimental;/usr/lib/ckan/venv/src/ckan/ckan/templates/user/logout_first.html;51
experimental;/usr/lib/ckan/venv/src/ckan/ckan/templates/user/logout_first.html;52
experimental;/usr/lib/ckan/venv/src/ckan/ckan/templates/user/logout_first.html;54
experimental;/usr/lib/ckan/venv/src/ckan/ckan/templates/user/logout_first.html;55
experimental;/usr/lib/ckan/venv/src/ckan/ckan/templates/user/logout_first.html;57
experimental;/usr/lib/ckan/venv/src/ckan/ckan/templates/user/logout_first.html;58
experimental;/usr/lib/ckan/venv/src/ckan/ckan/templates/user/logout_first.html;59
experimental;/usr/lib/ckan/venv/src/ckan/ckan/templates/user/logout_first.html;60
experimental;/usr/lib/ckan/venv/src/ckan/ckan/templates/user/logout_first.html;61
experimental;/usr/lib/ckan/venv/src/ckan/ckan/templates/user/logout_first.html;64
experimental;/usr/lib/ckan/venv/src/ckan/ckan/templates/user/logout_first.html;65
experimental;/usr/lib/ckan/venv/src/ckan/ckan/templates/macros/form.html;80
experimental;/usr/lib/ckan/venv/src/ckan/ckan/views/user.py;460
experimental;/usr/lib/python3.8/tempfile.py;771
experimental;/usr/lib/python3.8/tempfile.py;772
experimental;/usr/lib/python3.8/tempfile.py;777
experimental;/usr/lib/python3.8/tempfile.py;778
experimental;/usr/lib/python3.8/tempfile.py;779
experimental;/usr/lib/python3.8/tempfile.py;780
experimental;/usr/lib/python3.8/tempfile.py;781
experimental;/usr/lib/python3.8/tempfile.py;782
experimental;/usr/lib/python3.8/tempfile.py;785
experimental;/usr/lib/python3.8/tempfile.py;786
experimental;/usr/lib/python3.8/tempfile.py;787
experimental;/usr/lib/python3.8/tempfile.py;876
experimental;/usr/lib/python3.8/tempfile.py;894
experimental;/usr/lib/python3.8/tempfile.py;895
experimental;/usr/lib/python3.8/tempfile.py;896
experimental;/usr/lib/python3.8/tempfile.py;897
experimental;/usr/lib/ckan/venv/src/ckan/ckan/lib/authenticator.py;17
experimental;/usr/lib/ckan/venv/src/ckan/ckan/lib/authenticator.py;20
experimental;/usr/lib/ckan/venv/src/ckan/ckan/lib/authenticator.py;21
experimental;/usr/lib/ckan/venv/src/ckan/ckan/lib/authenticator.py;23
experimental;/usr/lib/ckan/venv/src/ckan/ckan/lib/authenticator.py;25
experimental;/usr/lib/ckan/venv/src/ckan/ckan/lib/authenticator.py;27
experimental;/usr/lib/ckan/venv/src/ckan/ckan/lib/authenticator.py;28
experimental;/usr/lib/ckan/venv/src/ckan/ckan/lib/authenticator.py;32
experimental;/usr/lib/python3.8/base64.py;35
experimental;/usr/lib/python3.8/base64.py;40
experimental;/usr/lib/python3.8/base64.py;41
experimental;/usr/lib/python3.8/base64.py;80
experimental;/usr/lib/python3.8/base64.py;81
experimental;/usr/lib/python3.8/base64.py;82
experimental;/usr/lib/python3.8/base64.py;83
experimental;/usr/lib/python3.8/base64.py;84
experimental;/usr/lib/python3.8/base64.py;85
experimental;/usr/lib/python3.8/base64.py;87
experimental;/usr/lib/ckan/venv/src/ckan/ckan/views/user.py;262
experimental;/usr/lib/ckan/venv/src/ckan/ckan/views/user.py;263
experimental;/usr/lib/ckan/venv/src/ckan/ckan/views/user.py;266
experimental;/usr/lib/ckan/venv/src/ckan/ckan/views/user.py;267
experimental;/usr/lib/ckan/venv/src/ckan/ckan/views/user.py;270
experimental;/usr/lib/ckan/venv/src/ckan/ckan/views/user.py;272
experimental;/usr/lib/ckan/venv/src/ckan/ckan/views/user.py;273
experimental;/usr/lib/ckan/venv/src/ckan/ckan/views/user.py;274
experimental;/usr/lib/ckan/venv/src/ckan/ckan/views/user.py;275
experimental;/usr/lib/ckan/venv/src/ckan/ckan/views/user.py;276
experimental;/usr/lib/ckan/venv/src/ckan/ckan/views/user.py;277
experimental;/usr/lib/ckan/venv/src/ckan/ckan/views/user.py;278
experimental;/usr/lib/ckan/venv/src/ckan/ckan/views/user.py;283
experimental;/usr/lib/ckan/venv/src/ckan/ckan/views/user.py;285
experimental;/usr/lib/ckan/venv/src/ckan/ckan/views/user.py;286
experimental;/usr/lib/ckan/venv/src/ckan/ckan/views/user.py;287
experimental;/usr/lib/ckan/venv/src/ckan/ckan/views/user.py;289
experimental;/usr/lib/ckan/venv/src/ckan/ckan/views/user.py;290
experimental;/usr/lib/ckan/venv/src/ckan/ckan/views/user.py;291
experimental;/usr/lib/ckan/venv/src/ckan/ckan/views/user.py;292
experimental;/usr/lib/ckan/venv/src/ckan/ckan/views/user.py;293
experimental;/usr/lib/ckan/venv/src/ckan/ckan/views/user.py;295
experimental;/usr/lib/ckan/venv/src/ckan/ckan/views/user.py;297
experimental;/usr/lib/ckan/venv/src/ckan/ckan/views/user.py;298
experimental;/usr/lib/ckan/venv/src/ckan/ckan/views/user.py;299
experimental;/usr/lib/ckan/venv/src/ckan/ckan/views/user.py;301
experimental;/usr/lib/ckan/venv/src/ckan/ckan/views/user.py;302
experimental;/usr/lib/ckan/venv/src/ckan/ckan/views/user.py;303
experimental;/usr/lib/ckan/venv/src/ckan/ckan/views/user.py;304
experimental;/usr/lib/ckan/venv/src/ckan/ckan/model/user.py;158
experimental;/usr/lib/ckan/venv/src/ckan/ckan/model/user.py;161
experimental;/usr/lib/ckan/venv/src/ckan/ckan/model/user.py;164
experimental;/usr/lib/ckan/venv/src/ckan/ckan/model/user.py;165
experimental;/usr/lib/ckan/venv/src/ckan/ckan/model/user.py;166
experimental;/usr/lib/ckan/venv/src/ckan/ckan/model/user.py;170
experimental;/usr/lib/python3.8/traceback.py;492
experimental;/usr/lib/python3.8/traceback.py;493
experimental;/usr/lib/python3.8/traceback.py;494
experimental;/usr/lib/python3.8/traceback.py;495
experimental;/usr/lib/python3.8/traceback.py;496
experimental;/usr/lib/python3.8/traceback.py;497
experimental;/usr/lib/python3.8/traceback.py;498
experimental;/usr/lib/python3.8/traceback.py;499
experimental;/usr/lib/python3.8/traceback.py;500
experimental;/usr/lib/python3.8/traceback.py;536
experimental;/usr/lib/python3.8/traceback.py;611
experimental;/usr/lib/python3.8/traceback.py;612
experimental;/usr/lib/python3.8/traceback.py;613
experimental;/usr/lib/ckan/venv/src/ckan/ckan/templates/error_document_template.html;36
experimental;/usr/lib/ckan/venv/src/ckan/ckan/templates/error_document_template.html;37
experimental;/usr/lib/ckan/venv/src/ckan/ckan/templates/error_document_template.html;38
experimental;/usr/lib/ckan/venv/src/ckan/ckan/logic/auth/__init__.py;44
experimental;/usr/lib/ckan/venv/src/ckan/ckan/logic/auth/update.py;187
experimental;/usr/lib/ckan/venv/src/ckan/ckan/logic/auth/update.py;192
experimental;/usr/lib/ckan/venv/src/ckan/ckan/logic/auth/update.py;193
experimental;/usr/lib/ckan/venv/src/ckan/ckan/logic/auth/update.py;200
experimental;/usr/lib/ckan/venv/src/ckan/ckan/logic/auth/update.py;204
experimental;/usr/lib/ckan/venv/src/ckan/ckan/logic/auth/update.py;205
experimental;/usr/lib/ckan/venv/src/ckan/ckan/logic/auth/update.py;206
experimental;/usr/lib/ckan/venv/src/ckan/ckan/views/user.py;257
experimental;/usr/lib/ckan/venv/src/ckan/ckan/views/user.py;258
experimental;/usr/lib/ckan/venv/src/ckan/ckan/lib/base.py;56
experimental;/usr/lib/ckan/venv/src/ckan/ckan/lib/base.py;58
experimental;/usr/lib/ckan/venv/src/ckan/ckan/lib/base.py;62
experimental;/usr/lib/ckan/venv/src/ckan/ckan/lib/base.py;63
experimental;/usr/lib/ckan/venv/src/ckan/ckan/lib/base.py;65
experimental;/usr/lib/ckan/venv/src/ckan/ckan/lib/base.py;66
experimental;/usr/lib/ckan/venv/src/ckan/ckan/config/middleware/flask_app.py;586
experimental;/usr/lib/ckan/venv/src/ckan/ckan/config/middleware/flask_app.py;587
experimental;/usr/lib/ckan/venv/src/ckan/ckan/config/middleware/flask_app.py;588
experimental;/usr/lib/ckan/venv/src/ckan/ckan/config/middleware/flask_app.py;589
experimental;/usr/lib/ckan/venv/src/ckan/ckan/config/middleware/flask_app.py;592
experimental;/usr/lib/ckan/venv/src/ckan/ckan/config/middleware/flask_app.py;593
experimental;/usr/lib/ckan/venv/src/ckan/ckan/model/user.py;159
experimental;/usr/lib/ckan/venv/src/ckan/ckan/logic/action/get.py;2197
experimental;/usr/lib/python3.8/traceback.py;480
experimental;/usr/lib/python3.8/traceback.py;481
experimental;/usr/lib/python3.8/traceback.py;482
experimental;/usr/lib/python3.8/traceback.py;483
experimental;/usr/lib/python3.8/traceback.py;484
experimental;/usr/lib/python3.8/traceback.py;485
experimental;/usr/lib/python3.8/traceback.py;486
experimental;/usr/lib/python3.8/traceback.py;487
experimental;/usr/lib/python3.8/traceback.py;488
experimental;/usr/lib/python3.8/traceback.py;538
experimental;/usr/lib/python3.8/traceback.py;608
experimental;/usr/lib/python3.8/traceback.py;609
experimental;/usr/lib/python3.8/tokenize.py;339
experimental;/usr/lib/python3.8/tokenize.py;374
experimental;/usr/lib/python3.8/tokenize.py;377
experimental;/usr/lib/python3.8/tokenize.py;378
experimental;/usr/lib/python3.8/tokenize.py;381
experimental;/usr/lib/python3.8/tokenize.py;382
experimental;/usr/lib/python3.8/tokenize.py;385
experimental;/usr/lib/ckan/venv/src/ckan/ckan/views/util.py;19
experimental;/usr/lib/ckan/venv/src/ckan/ckan/views/util.py;20
experimental;/usr/lib/ckan/venv/src/ckan/ckan/views/util.py;23
experimental;/usr/lib/ckan/venv/src/ckan/ckan/views/util.py;24
experimental;/usr/lib/ckan/venv/src/ckan/ckan/views/api.py;482
experimental;/usr/lib/ckan/venv/src/ckan/ckan/views/api.py;483
experimental;/usr/lib/ckan/venv/src/ckan/ckan/lib/helpers.py;680
experimental;/usr/lib/python3.8/gettext.py;88
experimental;/usr/lib/python3.8/gettext.py;89
experimental;/usr/lib/python3.8/gettext.py;90
experimental;/usr/lib/python3.8/gettext.py;91
experimental;/usr/lib/python3.8/gettext.py;92
experimental;/usr/lib/python3.8/gettext.py;93
experimental;/usr/lib/python3.8/gettext.py;95
experimental;/usr/lib/python3.8/gettext.py;96
experimental;/usr/lib/python3.8/gettext.py;116
experimental;/usr/lib/python3.8/gettext.py;117
experimental;/usr/lib/python3.8/gettext.py;118
experimental;/usr/lib/python3.8/gettext.py;122
experimental;/usr/lib/python3.8/gettext.py;123
experimental;/usr/lib/python3.8/gettext.py;124
experimental;/usr/lib/python3.8/gettext.py;125
experimental;/usr/lib/python3.8/gettext.py;127
experimental;/usr/lib/python3.8/gettext.py;128
experimental;/usr/lib/python3.8/gettext.py;130
experimental;/usr/lib/python3.8/gettext.py;131
experimental;/usr/lib/python3.8/gettext.py;134
experimental;/usr/lib/python3.8/gettext.py;135
experimental;/usr/lib/python3.8/gettext.py;137
experimental;/usr/lib/python3.8/gettext.py;138
experimental;/usr/lib/python3.8/gettext.py;139
experimental;/usr/lib/python3.8/gettext.py;140
experimental;/usr/lib/python3.8/gettext.py;141
experimental;/usr/lib/python3.8/gettext.py;143
experimental;/usr/lib/python3.8/gettext.py;146
experimental;/usr/lib/python3.8/gettext.py;147
experimental;/usr/lib/python3.8/gettext.py;148
experimental;/usr/lib/python3.8/gettext.py;149
experimental;/usr/lib/python3.8/gettext.py;150
experimental;/usr/lib/python3.8/gettext.py;153
experimental;/usr/lib/python3.8/gettext.py;154
experimental;/usr/lib/python3.8/gettext.py;155
experimental;/usr/lib/python3.8/gettext.py;157
experimental;/usr/lib/python3.8/gettext.py;158
experimental;/usr/lib/python3.8/gettext.py;159
experimental;/usr/lib/python3.8/gettext.py;162
experimental;/usr/lib/python3.8/gettext.py;181
experimental;/usr/lib/python3.8/gettext.py;183
experimental;/usr/lib/python3.8/gettext.py;184
experimental;/usr/lib/python3.8/gettext.py;185
experimental;/usr/lib/python3.8/gettext.py;188
experimental;/usr/lib/python3.8/gettext.py;189
experimental;/usr/lib/python3.8/gettext.py;190
experimental;/usr/lib/python3.8/gettext.py;191
experimental;/usr/lib/python3.8/gettext.py;192
experimental;/usr/lib/python3.8/gettext.py;196
experimental;/usr/lib/python3.8/gettext.py;197
experimental;/usr/lib/python3.8/gettext.py;199
experimental;/usr/lib/python3.8/gettext.py;200
experimental;/usr/lib/python3.8/gettext.py;205
experimental;/usr/lib/python3.8/gettext.py;206
experimental;/usr/lib/python3.8/gettext.py;232
experimental;/usr/lib/python3.8/gettext.py;261
experimental;/usr/lib/python3.8/gettext.py;370
experimental;/usr/lib/python3.8/gettext.py;376
experimental;/usr/lib/python3.8/gettext.py;377
experimental;/usr/lib/python3.8/gettext.py;380
experimental;/usr/lib/python3.8/gettext.py;381
experimental;/usr/lib/python3.8/gettext.py;382
experimental;/usr/lib/python3.8/gettext.py;383
experimental;/usr/lib/python3.8/gettext.py;385
experimental;/usr/lib/python3.8/gettext.py;386
experimental;/usr/lib/python3.8/gettext.py;387
experimental;/usr/lib/python3.8/gettext.py;388
experimental;/usr/lib/python3.8/gettext.py;395
experimental;/usr/lib/python3.8/gettext.py;397
experimental;/usr/lib/python3.8/gettext.py;402
experimental;/usr/lib/python3.8/gettext.py;403
experimental;/usr/lib/python3.8/gettext.py;404
experimental;/usr/lib/python3.8/gettext.py;405
experimental;/usr/lib/python3.8/gettext.py;406
experimental;/usr/lib/python3.8/gettext.py;407
experimental;/usr/lib/python3.8/gettext.py;408
experimental;/usr/lib/python3.8/gettext.py;409
experimental;/usr/lib/python3.8/gettext.py;413
experimental;/usr/lib/python3.8/gettext.py;415
experimental;/usr/lib/python3.8/gettext.py;416
experimental;/usr/lib/python3.8/gettext.py;417
experimental;/usr/lib/python3.8/gettext.py;418
experimental;/usr/lib/python3.8/gettext.py;419
experimental;/usr/lib/python3.8/gettext.py;421
experimental;/usr/lib/python3.8/gettext.py;423
experimental;/usr/lib/python3.8/gettext.py;424
experimental;/usr/lib/python3.8/gettext.py;425
experimental;/usr/lib/python3.8/gettext.py;426
experimental;/usr/lib/python3.8/gettext.py;427
experimental;/usr/lib/python3.8/gettext.py;428
experimental;/usr/lib/python3.8/gettext.py;429
experimental;/usr/lib/python3.8/gettext.py;432
experimental;/usr/lib/python3.8/gettext.py;433
experimental;/usr/lib/python3.8/gettext.py;434
experimental;/usr/lib/python3.8/gettext.py;435
experimental;/usr/lib/python3.8/gettext.py;436
experimental;/usr/lib/python3.8/gettext.py;437
experimental;/usr/lib/python3.8/gettext.py;447
experimental;/usr/lib/python3.8/gettext.py;448
experimental;/usr/lib/python3.8/gettext.py;450
experimental;/usr/lib/python3.8/gettext.py;451
experimental;/usr/lib/python3.8/gettext.py;452
experimental;/usr/lib/python3.8/gettext.py;453
experimental;/usr/lib/python3.8/gettext.py;454
experimental;/usr/lib/python3.8/gettext.py;456
experimental;/usr/lib/python3.8/gettext.py;458
experimental;/usr/lib/python3.8/gettext.py;459
experimental;/usr/lib/python3.8/gettext.py;499
experimental;/usr/lib/python3.8/gettext.py;574
experimental;/usr/lib/python3.8/gettext.py;577
experimental;/usr/lib/python3.8/locale.py;429
experimental;/usr/lib/python3.8/locale.py;440
experimental;/usr/lib/python3.8/locale.py;465
experimental;/usr/lib/python3.8/re.py;248
experimental;/usr/lib/python3.8/re.py;298
experimental;/usr/lib/python3.8/re.py;301
experimental;/usr/lib/ckan/venv/src/ckan/ckan/lib/captcha.py;11
experimental;/usr/lib/ckan/venv/src/ckan/ckan/lib/captcha.py;12
experimental;/usr/lib/ckan/venv/src/ckan/ckan/lib/captcha.py;14
experimental;/usr/lib/ckan/venv/src/ckan/ckan/logic/action/create.py;1034
experimental;/usr/lib/ckan/venv/src/ckan/ckan/logic/action/create.py;1035
experimental;/usr/lib/ckan/venv/src/ckan/ckan/logic/action/create.py;1036
experimental;/usr/lib/ckan/venv/src/ckan/ckan/logic/action/create.py;1038
experimental;/usr/lib/ckan/venv/src/ckan/ckan/logic/action/create.py;1040
experimental;/usr/lib/ckan/venv/src/ckan/ckan/logic/action/create.py;1041
experimental;/usr/lib/ckan/venv/src/ckan/ckan/logic/action/create.py;1042
experimental;/usr/lib/ckan/venv/src/ckan/ckan/logic/action/create.py;1043
experimental;/usr/lib/ckan/venv/src/ckan/ckan/logic/action/create.py;1045
experimental;/usr/lib/ckan/venv/src/ckan/ckan/logic/action/create.py;1046
experimental;/usr/lib/ckan/venv/src/ckan/ckan/logic/action/create.py;1047
experimental;/usr/lib/ckan/venv/src/ckan/ckan/lib/uploader.py;153
experimental;/usr/lib/ckan/venv/src/ckan/ckan/lib/navl/dictization_functions.py;68
experimental;/usr/lib/ckan/venv/src/ckan/ckan/lib/navl/dictization_functions.py;252
experimental;/usr/lib/ckan/venv/src/ckan/ckan/lib/navl/dictization_functions.py;253
experimental;/usr/lib/ckan/venv/src/ckan/ckan/lib/navl/dictization_functions.py;254
experimental;/usr/lib/ckan/venv/src/ckan/ckan/logic/validators.py;372
experimental;/usr/lib/ckan/venv/src/ckan/ckan/logic/validators.py;589
experimental;/usr/lib/ckan/venv/src/ckan/ckan/logic/validators.py;598
experimental;/usr/lib/ckan/venv/src/ckan/ckan/logic/validators.py;599
experimental;/usr/lib/ckan/venv/src/ckan/ckan/logic/validators.py;601
experimental;/usr/lib/ckan/venv/src/ckan/ckan/logic/validators.py;602
experimental;/usr/lib/ckan/venv/src/ckan/ckan/logic/validators.py;603
experimental;/usr/lib/ckan/venv/src/ckan/ckan/logic/validators.py;610
experimental;/usr/lib/ckan/venv/src/ckan/ckan/logic/validators.py;612
experimental;/usr/lib/ckan/venv/src/ckan/ckan/logic/validators.py;614
experimental;/usr/lib/ckan/venv/src/ckan/ckan/logic/validators.py;620
experimental;/usr/lib/ckan/venv/src/ckan/ckan/logic/validators.py;621
experimental;/usr/lib/ckan/venv/src/ckan/ckan/logic/validators.py;623
experimental;/usr/lib/ckan/venv/src/ckan/ckan/logic/validators.py;624
experimental;/usr/lib/ckan/venv/src/ckan/ckan/logic/validators.py;633
experimental;/usr/lib/ckan/venv/src/ckan/ckan/logic/validators.py;637
experimental;/usr/lib/ckan/venv/src/ckan/ckan/logic/validators.py;935
experimental;/usr/lib/ckan/venv/src/ckan/ckan/logic/validators.py;936
experimental;/usr/lib/ckan/venv/src/ckan/ckan/logic/validators.py;938
experimental;/usr/lib/ckan/venv/src/ckan/ckan/logic/validators.py;939
experimental;/usr/lib/ckan/venv/src/ckan/ckan/logic/validators.py;941
experimental;/usr/lib/ckan/venv/src/ckan/ckan/logic/validators.py;942
experimental;/usr/lib/ckan/venv/src/ckan/ckan/views/user.py;380
experimental;/usr/lib/ckan/venv/src/ckan/ckan/views/user.py;381
experimental;/usr/lib/ckan/venv/src/ckan/ckan/views/user.py;382
experimental;/usr/lib/ckan/venv/src/ckan/ckan/views/user.py;383
experimental;/usr/lib/ckan/venv/src/ckan/ckan/views/user.py;384
experimental;/usr/lib/ckan/venv/src/ckan/ckan/views/user.py;385
experimental;/usr/lib/ckan/venv/src/ckan/ckan/views/user.py;386
experimental;/usr/lib/ckan/venv/src/ckan/ckan/views/user.py;387
experimental;/usr/lib/ckan/venv/src/ckan/ckan/views/user.py;393
experimental;/usr/lib/ckan/venv/src/ckan/ckan/views/user.py;394
experimental;/usr/lib/ckan/venv/src/ckan/ckan/views/user.py;395
experimental;/usr/lib/ckan/venv/src/ckan/ckan/views/user.py;401
experimental;/usr/lib/ckan/venv/src/ckan/ckan/views/user.py;402
experimental;/usr/lib/ckan/venv/src/ckan/ckan/views/user.py;403
experimental;/usr/lib/ckan/venv/src/ckan/ckan/views/user.py;405
experimental;/usr/lib/ckan/venv/src/ckan/ckan/views/user.py;407
experimental;/usr/lib/ckan/venv/src/ckan/ckan/views/user.py;408
experimental;/usr/lib/ckan/venv/src/ckan/ckan/views/user.py;409
experimental;/usr/lib/ckan/venv/src/ckan/ckan/views/user.py;410
experimental;/usr/lib/ckan/venv/src/ckan/ckan/views/dataset.py;329
experimental;/usr/lib/ckan/venv/src/ckan/ckan/views/dataset.py;339
experimental;/usr/lib/ckan/venv/src/ckan/ckan/views/dataset.py;343
experimental;/usr/lib/ckan/venv/src/ckan/ckan/views/dataset.py;344
experimental;/usr/lib/ckan/venv/src/ckan/ckan/views/dataset.py;345
experimental;/usr/lib/ckan/venv/src/ckan/ckan/views/dataset.py;346
experimental;/usr/lib/ckan/venv/src/ckan/ckan/lib/search/query.py;379
experimental;/usr/lib/ckan/venv/src/ckan/ckan/lib/search/query.py;384
experimental;/usr/lib/ckan/venv/src/ckan/ckan/lib/search/query.py;385
experimental;/usr/lib/ckan/venv/src/ckan/ckan/lib/search/query.py;386
experimental;/usr/lib/ckan/venv/src/ckan/ckan/lib/search/query.py;387
experimental;/usr/lib/ckan/venv/src/ckan/ckan/lib/search/query.py;389
experimental;/usr/lib/ckan/venv/src/ckan/ckan/lib/search/query.py;390
experimental;/usr/lib/ckan/venv/src/ckan/ckan/templates/snippets/search_form.html;72
experimental;/usr/lib/ckan/venv/src/ckan/ckan/templates/snippets/search_form.html;73
experimental;/usr/lib/ckan/venv/src/ckan/ckan/templates/snippets/search_form.html;74
experimental;/usr/lib/ckan/venv/src/ckan/ckan/templates/snippets/search_form.html;187
experimental;/usr/lib/python3.8/logging/__init__.py;373
experimental;/usr/lib/ckan/venv/src/ckan/ckan/lib/uploader.py;127
experimental;/usr/lib/ckan/venv/src/ckan/ckan/lib/uploader.py;129
experimental;/usr/lib/ckan/venv/src/ckan/ckan/logic/validators.py;615
experimental;/usr/lib/python3.8/os.py;224
experimental;/usr/lib/python3.8/os.py;227
experimental;/usr/lib/python3.8/os.py;228
experimental;/usr/lib/ckan/venv/src/ckan/ckan/logic/action/create.py;285
experimental;/usr/lib/ckan/venv/src/ckan/ckan/logic/action/create.py;286
experimental;/usr/lib/ckan/venv/src/ckan/ckan/logic/action/create.py;288
experimental;/usr/lib/ckan/venv/src/ckan/ckan/logic/action/create.py;289
experimental;/usr/lib/ckan/venv/src/ckan/ckan/logic/action/create.py;290
experimental;/usr/lib/ckan/venv/src/ckan/ckan/logic/action/create.py;292
experimental;/usr/lib/ckan/venv/src/ckan/ckan/logic/action/create.py;293
experimental;/usr/lib/ckan/venv/src/ckan/ckan/logic/action/create.py;294
experimental;/usr/lib/ckan/venv/src/ckan/ckan/logic/action/create.py;296
experimental;/usr/lib/ckan/venv/src/ckan/ckan/logic/action/create.py;298
experimental;/usr/lib/ckan/venv/src/ckan/ckan/logic/action/create.py;301
experimental;/usr/lib/ckan/venv/src/ckan/ckan/logic/action/create.py;304
experimental;/usr/lib/ckan/venv/src/ckan/ckan/logic/action/create.py;306
experimental;/usr/lib/ckan/venv/src/ckan/ckan/logic/action/create.py;307
experimental;/usr/lib/ckan/venv/src/ckan/ckan/logic/action/create.py;308
experimental;/usr/lib/ckan/venv/src/ckan/ckan/logic/action/create.py;310
experimental;/usr/lib/ckan/venv/src/ckan/ckan/logic/action/create.py;311
experimental;/usr/lib/ckan/venv/src/ckan/ckan/logic/action/create.py;314
experimental;/usr/lib/ckan/venv/src/ckan/ckan/logic/action/create.py;316
experimental;/usr/lib/ckan/venv/src/ckan/ckan/logic/action/create.py;317
experimental;/usr/lib/ckan/venv/src/ckan/ckan/logic/action/create.py;318
experimental;/usr/lib/ckan/venv/src/ckan/ckan/logic/action/create.py;319
experimental;/usr/lib/ckan/venv/src/ckan/ckan/logic/action/create.py;320
experimental;/usr/lib/ckan/venv/src/ckan/ckan/logic/action/create.py;329
experimental;/usr/lib/ckan/venv/src/ckan/ckan/logic/action/create.py;330
experimental;/usr/lib/ckan/venv/src/ckan/ckan/logic/action/create.py;332
experimental;/usr/lib/ckan/venv/src/ckan/ckan/logic/action/create.py;335
experimental;/usr/lib/ckan/venv/src/ckan/ckan/logic/action/create.py;336
experimental;/usr/lib/ckan/venv/src/ckan/ckan/logic/action/create.py;339
experimental;/usr/lib/ckan/venv/src/ckan/ckan/logic/action/create.py;340
experimental;/usr/lib/ckan/venv/src/ckan/ckan/logic/action/create.py;341
experimental;/usr/lib/ckan/venv/src/ckan/ckan/logic/action/create.py;342
experimental;/usr/lib/ckan/venv/src/ckan/ckan/logic/action/create.py;344
experimental;/usr/lib/ckan/venv/src/ckan/ckan/logic/action/create.py;345
experimental;/usr/lib/ckan/venv/src/ckan/ckan/logic/action/create.py;348
experimental;/usr/lib/ckan/venv/src/ckan/ckan/logic/action/create.py;351
experimental;/usr/lib/ckan/venv/src/ckan/ckan/logic/action/create.py;445
experimental;/usr/lib/ckan/venv/src/ckan/ckan/logic/action/create.py;447
experimental;/usr/lib/ckan/venv/src/ckan/ckan/logic/action/create.py;449
experimental;/usr/lib/ckan/venv/src/ckan/ckan/logic/action/create.py;451
experimental;/usr/lib/ckan/venv/src/ckan/ckan/logic/action/create.py;452
experimental;/usr/lib/ckan/venv/src/ckan/ckan/logic/action/create.py;454
experimental;/usr/lib/ckan/venv/src/ckan/ckan/logic/action/create.py;455
experimental;/usr/lib/ckan/venv/src/ckan/ckan/logic/action/create.py;456
experimental;/usr/lib/ckan/venv/src/ckan/ckan/logic/action/create.py;457
experimental;/usr/lib/ckan/venv/src/ckan/ckan/logic/action/create.py;458
experimental;/usr/lib/ckan/venv/src/ckan/ckan/logic/action/create.py;459
experimental;/usr/lib/ckan/venv/src/ckan/ckan/lib/dictization/model_save.py;18
experimental;/usr/lib/ckan/venv/src/ckan/ckan/lib/dictization/model_save.py;19
experimental;/usr/lib/ckan/venv/src/ckan/ckan/lib/dictization/model_save.py;21
experimental;/usr/lib/ckan/venv/src/ckan/ckan/lib/dictization/model_save.py;22
experimental;/usr/lib/ckan/venv/src/ckan/ckan/lib/dictization/model_save.py;23
experimental;/usr/lib/ckan/venv/src/ckan/ckan/lib/dictization/model_save.py;25
experimental;/usr/lib/ckan/venv/src/ckan/ckan/lib/dictization/model_save.py;26
experimental;/usr/lib/ckan/venv/src/ckan/ckan/lib/dictization/model_save.py;27
experimental;/usr/lib/ckan/venv/src/ckan/ckan/lib/dictization/model_save.py;31
experimental;/usr/lib/ckan/venv/src/ckan/ckan/lib/dictization/model_save.py;32
experimental;/usr/lib/ckan/venv/src/ckan/ckan/lib/dictization/model_save.py;35
experimental;/usr/lib/ckan/venv/src/ckan/ckan/lib/dictization/model_save.py;39
experimental;/usr/lib/ckan/venv/src/ckan/ckan/lib/dictization/model_save.py;40
experimental;/usr/lib/ckan/venv/src/ckan/ckan/lib/dictization/model_save.py;41
experimental;/usr/lib/ckan/venv/src/ckan/ckan/lib/dictization/model_save.py;43
experimental;/usr/lib/ckan/venv/src/ckan/ckan/lib/dictization/model_save.py;45
experimental;/usr/lib/ckan/venv/src/ckan/ckan/lib/dictization/model_save.py;48
experimental;/usr/lib/ckan/venv/src/ckan/ckan/lib/dictization/model_save.py;49
experimental;/usr/lib/ckan/venv/src/ckan/ckan/lib/dictization/model_save.py;50
experimental;/usr/lib/ckan/venv/src/ckan/ckan/lib/dictization/model_save.py;51
experimental;/usr/lib/ckan/venv/src/ckan/ckan/lib/dictization/model_save.py;53
experimental;/usr/lib/ckan/venv/src/ckan/ckan/lib/dictization/model_save.py;54
experimental;/usr/lib/ckan/venv/src/ckan/ckan/lib/dictization/model_save.py;58
experimental;/usr/lib/ckan/venv/src/ckan/ckan/lib/dictization/model_save.py;59
experimental;/usr/lib/ckan/venv/src/ckan/ckan/lib/dictization/model_save.py;62
experimental;/usr/lib/ckan/venv/src/ckan/ckan/lib/dictization/model_save.py;63
experimental;/usr/lib/ckan/venv/src/ckan/ckan/lib/dictization/model_save.py;65
experimental;/usr/lib/ckan/venv/src/ckan/ckan/lib/dictization/model_save.py;66
experimental;/usr/lib/ckan/venv/src/ckan/ckan/lib/dictization/model_save.py;67
experimental;/usr/lib/ckan/venv/src/ckan/ckan/lib/dictization/model_save.py;68
experimental;/usr/lib/ckan/venv/src/ckan/ckan/lib/dictization/model_save.py;69
experimental;/usr/lib/ckan/venv/src/ckan/ckan/lib/dictization/model_save.py;70
experimental;/usr/lib/ckan/venv/src/ckan/ckan/lib/dictization/model_save.py;81
experimental;/usr/lib/ckan/venv/src/ckan/ckan/lib/dictization/model_save.py;84
experimental;/usr/lib/ckan/venv/src/ckan/ckan/lib/dictization/model_save.py;90
experimental;/usr/lib/ckan/venv/src/ckan/ckan/lib/dictization/model_save.py;91
experimental;/usr/lib/ckan/venv/src/ckan/ckan/lib/dictization/model_save.py;94
experimental;/usr/lib/ckan/venv/src/ckan/ckan/lib/dictization/model_save.py;96
experimental;/usr/lib/ckan/venv/src/ckan/ckan/lib/dictization/model_save.py;98
experimental;/usr/lib/ckan/venv/src/ckan/ckan/lib/dictization/model_save.py;99
experimental;/usr/lib/ckan/venv/src/ckan/ckan/lib/dictization/model_save.py;109
experimental;/usr/lib/ckan/venv/src/ckan/ckan/lib/dictization/model_save.py;112
experimental;/usr/lib/ckan/venv/src/ckan/ckan/lib/dictization/model_save.py;119
experimental;/usr/lib/ckan/venv/src/ckan/ckan/lib/dictization/model_save.py;125
experimental;/usr/lib/ckan/venv/src/ckan/ckan/lib/dictization/model_save.py;126
experimental;/usr/lib/ckan/venv/src/ckan/ckan/lib/dictization/model_save.py;129
experimental;/usr/lib/ckan/venv/src/ckan/ckan/lib/dictization/model_save.py;130
experimental;/usr/lib/ckan/venv/src/ckan/ckan/lib/dictization/model_save.py;132
experimental;/usr/lib/ckan/venv/src/ckan/ckan/lib/dictization/model_save.py;133
experimental;/usr/lib/ckan/venv/src/ckan/ckan/lib/dictization/model_save.py;134
experimental;/usr/lib/ckan/venv/src/ckan/ckan/lib/dictization/model_save.py;136
experimental;/usr/lib/ckan/venv/src/ckan/ckan/lib/dictization/model_save.py;137
experimental;/usr/lib/ckan/venv/src/ckan/ckan/lib/dictization/model_save.py;139
experimental;/usr/lib/ckan/venv/src/ckan/ckan/lib/dictization/model_save.py;140
experimental;/usr/lib/ckan/venv/src/ckan/ckan/lib/dictization/model_save.py;141
experimental;/usr/lib/ckan/venv/src/ckan/ckan/lib/dictization/model_save.py;142
experimental;/usr/lib/ckan/venv/src/ckan/ckan/lib/dictization/model_save.py;143
experimental;/usr/lib/ckan/venv/src/ckan/ckan/lib/dictization/model_save.py;144
experimental;/usr/lib/ckan/venv/src/ckan/ckan/lib/dictization/model_save.py;145
experimental;/usr/lib/ckan/venv/src/ckan/ckan/lib/dictization/model_save.py;149
experimental;/usr/lib/ckan/venv/src/ckan/ckan/lib/dictization/model_save.py;154
experimental;/usr/lib/ckan/venv/src/ckan/ckan/lib/dictization/model_save.py;161
experimental;/usr/lib/ckan/venv/src/ckan/ckan/lib/dictization/model_save.py;166
experimental;/usr/lib/ckan/venv/src/ckan/ckan/lib/dictization/model_save.py;170
experimental;/usr/lib/ckan/venv/src/ckan/ckan/lib/dictization/model_save.py;171
experimental;/usr/lib/ckan/venv/src/ckan/ckan/lib/dictization/model_save.py;174
experimental;/usr/lib/ckan/venv/src/ckan/ckan/lib/dictization/model_save.py;175
experimental;/usr/lib/ckan/venv/src/ckan/ckan/lib/dictization/model_save.py;176
experimental;/usr/lib/ckan/venv/src/ckan/ckan/lib/dictization/model_save.py;177
experimental;/usr/lib/ckan/venv/src/ckan/ckan/lib/dictization/model_save.py;179
experimental;/usr/lib/ckan/venv/src/ckan/ckan/lib/dictization/model_save.py;180
experimental;/usr/lib/ckan/venv/src/ckan/ckan/lib/dictization/model_save.py;181
experimental;/usr/lib/ckan/venv/src/ckan/ckan/lib/dictization/model_save.py;183
experimental;/usr/lib/ckan/venv/src/ckan/ckan/lib/dictization/model_save.py;184
experimental;/usr/lib/ckan/venv/src/ckan/ckan/lib/dictization/model_save.py;185
experimental;/usr/lib/ckan/venv/src/ckan/ckan/lib/dictization/model_save.py;186
experimental;/usr/lib/ckan/venv/src/ckan/ckan/lib/dictization/model_save.py;187
experimental;/usr/lib/ckan/venv/src/ckan/ckan/lib/dictization/model_save.py;188
experimental;/usr/lib/ckan/venv/src/ckan/ckan/lib/dictization/model_save.py;189
experimental;/usr/lib/ckan/venv/src/ckan/ckan/lib/dictization/model_save.py;190
experimental;/usr/lib/ckan/venv/src/ckan/ckan/lib/dictization/model_save.py;191
experimental;/usr/lib/ckan/venv/src/ckan/ckan/lib/dictization/model_save.py;193
experimental;/usr/lib/ckan/venv/src/ckan/ckan/lib/dictization/model_save.py;194
experimental;/usr/lib/ckan/venv/src/ckan/ckan/lib/dictization/model_save.py;197
experimental;/usr/lib/ckan/venv/src/ckan/ckan/lib/dictization/model_save.py;198
experimental;/usr/lib/ckan/venv/src/ckan/ckan/lib/dictization/model_save.py;201
experimental;/usr/lib/ckan/venv/src/ckan/ckan/lib/dictization/model_save.py;204
experimental;/usr/lib/ckan/venv/src/ckan/ckan/lib/dictization/model_save.py;215
experimental;/usr/lib/ckan/venv/src/ckan/ckan/lib/dictization/model_save.py;216
experimental;/usr/lib/ckan/venv/src/ckan/ckan/lib/dictization/model_save.py;217
experimental;/usr/lib/ckan/venv/src/ckan/ckan/lib/dictization/model_save.py;218
experimental;/usr/lib/ckan/venv/src/ckan/ckan/lib/dictization/model_save.py;237
experimental;/usr/lib/ckan/venv/src/ckan/ckan/lib/dictization/model_save.py;238
experimental;/usr/lib/ckan/venv/src/ckan/ckan/lib/dictization/model_save.py;241
experimental;/usr/lib/ckan/venv/src/ckan/ckan/lib/dictization/model_save.py;242
experimental;/usr/lib/ckan/venv/src/ckan/ckan/lib/dictization/model_save.py;244
experimental;/usr/lib/ckan/venv/src/ckan/ckan/lib/dictization/model_save.py;245
experimental;/usr/lib/ckan/venv/src/ckan/ckan/lib/dictization/model_save.py;247
experimental;/usr/lib/ckan/venv/src/ckan/ckan/lib/dictization/model_save.py;248
experimental;/usr/lib/ckan/venv/src/ckan/ckan/lib/dictization/model_save.py;253
experimental;/usr/lib/ckan/venv/src/ckan/ckan/lib/dictization/model_save.py;255
experimental;/usr/lib/ckan/venv/src/ckan/ckan/lib/dictization/model_save.py;260
experimental;/usr/lib/ckan/venv/src/ckan/ckan/lib/dictization/model_save.py;261
experimental;/usr/lib/ckan/venv/src/ckan/ckan/lib/dictization/model_save.py;262
experimental;/usr/lib/ckan/venv/src/ckan/ckan/lib/dictization/model_save.py;263
experimental;/usr/lib/ckan/venv/src/ckan/ckan/lib/dictization/model_save.py;264
experimental;/usr/lib/ckan/venv/src/ckan/ckan/lib/dictization/model_save.py;265
experimental;/usr/lib/ckan/venv/src/ckan/ckan/lib/dictization/model_save.py;267
experimental;/usr/lib/ckan/venv/src/ckan/ckan/lib/dictization/model_save.py;269
experimental;/usr/lib/ckan/venv/src/ckan/ckan/lib/dictization/model_save.py;272
experimental;/usr/lib/ckan/venv/src/ckan/ckan/lib/dictization/model_save.py;274
experimental;/usr/lib/ckan/venv/src/ckan/ckan/lib/dictization/model_save.py;277
experimental;/usr/lib/ckan/venv/src/ckan/ckan/lib/dictization/model_save.py;278
experimental;/usr/lib/ckan/venv/src/ckan/ckan/lib/dictization/model_save.py;279
experimental;/usr/lib/ckan/venv/src/ckan/ckan/lib/dictization/model_save.py;283
experimental;/usr/lib/ckan/venv/src/ckan/ckan/lib/dictization/model_save.py;284
experimental;/usr/lib/ckan/venv/src/ckan/ckan/lib/dictization/model_save.py;285
experimental;/usr/lib/ckan/venv/src/ckan/ckan/lib/dictization/model_save.py;286
experimental;/usr/lib/ckan/venv/src/ckan/ckan/lib/dictization/model_save.py;287
experimental;/usr/lib/ckan/venv/src/ckan/ckan/lib/dictization/model_save.py;288
experimental;/usr/lib/ckan/venv/src/ckan/ckan/lib/dictization/model_save.py;290
experimental;/usr/lib/ckan/venv/src/ckan/ckan/lib/dictization/model_save.py;292
experimental;/usr/lib/ckan/venv/src/ckan/ckan/lib/datapreview.py;41
experimental;/usr/lib/ckan/venv/src/ckan/ckan/lib/datapreview.py;120
experimental;/usr/lib/ckan/venv/src/ckan/ckan/lib/datapreview.py;121
experimental;/usr/lib/ckan/venv/src/ckan/ckan/lib/datapreview.py;122
experimental;/usr/lib/ckan/venv/src/ckan/ckan/lib/datapreview.py;123
experimental;/usr/lib/ckan/venv/src/ckan/ckan/lib/datapreview.py;124
experimental;/usr/lib/ckan/venv/src/ckan/ckan/lib/datapreview.py;176
experimental;/usr/lib/ckan/venv/src/ckan/ckan/lib/datapreview.py;179
experimental;/usr/lib/ckan/venv/src/ckan/ckan/lib/datapreview.py;181
experimental;/usr/lib/ckan/venv/src/ckan/ckan/lib/datapreview.py;182
experimental;/usr/lib/ckan/venv/src/ckan/ckan/lib/datapreview.py;184
experimental;/usr/lib/ckan/venv/src/ckan/ckan/lib/datapreview.py;186
experimental;/usr/lib/ckan/venv/src/ckan/ckan/lib/datapreview.py;193
experimental;/usr/lib/ckan/venv/src/ckan/ckan/lib/datapreview.py;195
experimental;/usr/lib/ckan/venv/src/ckan/ckan/lib/datapreview.py;197
experimental;/usr/lib/ckan/venv/src/ckan/ckan/lib/datapreview.py;198
experimental;/usr/lib/ckan/venv/src/ckan/ckan/lib/datapreview.py;200
experimental;/usr/lib/ckan/venv/src/ckan/ckan/lib/datapreview.py;231
experimental;/usr/lib/ckan/venv/src/ckan/ckan/lib/datapreview.py;235
experimental;/usr/lib/ckan/venv/src/ckan/ckan/lib/datapreview.py;236
experimental;/usr/lib/ckan/venv/src/ckan/ckan/lib/datapreview.py;240
experimental;/usr/lib/ckan/venv/src/ckan/ckan/lib/datapreview.py;243
experimental;/usr/lib/ckan/venv/src/ckan/ckan/lib/datapreview.py;244
experimental;/usr/lib/ckan/venv/src/ckan/ckan/lib/datapreview.py;246
experimental;/usr/lib/ckan/venv/src/ckan/ckan/lib/datapreview.py;247
experimental;/usr/lib/ckan/venv/src/ckan/ckan/lib/datapreview.py;248
experimental;/usr/lib/ckan/venv/src/ckan/ckan/lib/datapreview.py;250
experimental;/usr/lib/ckan/venv/src/ckan/ckan/lib/datapreview.py;251
experimental;/usr/lib/ckan/venv/src/ckan/ckan/lib/datapreview.py;253
experimental;/usr/lib/ckan/venv/src/ckan/ckan/lib/datapreview.py;256
experimental;/usr/lib/ckan/venv/src/ckan/ckan/lib/datapreview.py;260
experimental;/usr/lib/ckan/venv/src/ckan/ckan/lib/datapreview.py;261
experimental;/usr/lib/ckan/venv/src/ckan/ckan/lib/datapreview.py;262
experimental;/usr/lib/ckan/venv/src/ckan/ckan/lib/datapreview.py;273
experimental;/usr/lib/ckan/venv/src/ckan/ckanext/textview/plugin.py;68
experimental;/usr/lib/ckan/venv/src/ckan/ckanext/textview/plugin.py;69
experimental;/usr/lib/ckan/venv/src/ckan/ckanext/textview/plugin.py;70
experimental;/usr/lib/ckan/venv/src/ckan/ckanext/textview/plugin.py;71
experimental;/usr/lib/ckan/venv/src/ckan/ckanext/textview/plugin.py;75
experimental;/usr/lib/ckan/venv/src/ckan/ckanext/textview/plugin.py;76
experimental;/usr/lib/ckan/venv/src/ckan/ckanext/textview/plugin.py;77
experimental;/usr/lib/ckan/venv/src/ckan/ckanext/textview/plugin.py;78
experimental;/usr/lib/ckan/venv/src/ckan/ckanext/textview/plugin.py;79
experimental;/usr/lib/ckan/venv/src/ckan/ckanext/textview/plugin.py;81
experimental;/usr/lib/ckan/venv/src/ckan/ckanext/textview/plugin.py;83
experimental;/usr/lib/ckan/venv/src/ckan/ckanext/imageview/plugin.py;26
experimental;/usr/lib/ckan/venv/src/ckan/ckanext/imageview/plugin.py;27
experimental;/usr/lib/ckan/venv/src/ckan/ckanext/imageview/plugin.py;28
experimental;/usr/lib/ckan/venv/src/ckan/ckanext/imageview/plugin.py;29
experimental;/usr/lib/ckan/venv/src/ckan/ckanext/imageview/plugin.py;30
experimental;/usr/lib/ckan/venv/src/ckan/ckanext/imageview/plugin.py;31
experimental;/usr/lib/ckan/venv/src/ckan/ckanext/imageview/plugin.py;32
experimental;/usr/lib/ckan/venv/src/ckan/ckanext/imageview/plugin.py;36
experimental;/usr/lib/ckan/venv/src/ckan/ckanext/imageview/plugin.py;37
experimental;/usr/lib/ckan/venv/src/ckan/ckanext/reclineview/plugin.py;108
experimental;/usr/lib/ckan/venv/src/ckan/ckanext/reclineview/plugin.py;109
experimental;/usr/lib/ckan/venv/src/ckan/ckanext/reclineview/plugin.py;110
experimental;/usr/lib/ckan/venv/src/ckan/ckanext/reclineview/plugin.py;111
experimental;/usr/lib/ckan/venv/src/ckan/ckanext/reclineview/plugin.py;112
experimental;/usr/lib/ckan/venv/src/ckan/ckanext/reclineview/plugin.py;113
experimental;/usr/lib/ckan/venv/src/ckan/ckanext/reclineview/plugin.py;117
experimental;/usr/lib/ckan/venv/src/ckan/ckanext/reclineview/plugin.py;119
experimental;/usr/lib/ckan/venv/src/ckan/ckanext/reclineview/plugin.py;120
experimental;/usr/lib/ckan/venv/src/ckan/ckanext/reclineview/plugin.py;122
experimental;/usr/lib/ckan/venv/src/ckan/ckanext/reclineview/plugin.py;123
experimental;/usr/lib/ckan/venv/src/ckan/ckanext/reclineview/plugin.py;128
experimental;/usr/lib/ckan/venv/src/ckan/ckan/views/resource.py;187
experimental;/usr/lib/ckan/venv/src/ckan/ckan/views/resource.py;188
experimental;/usr/lib/ckan/venv/src/ckan/ckan/views/resource.py;189
experimental;/usr/lib/ckan/venv/src/ckan/ckan/views/resource.py;191
experimental;/usr/lib/ckan/venv/src/ckan/ckan/views/resource.py;192
experimental;/usr/lib/ckan/venv/src/ckan/ckan/views/resource.py;196
experimental;/usr/lib/ckan/venv/src/ckan/ckan/views/resource.py;197
experimental;/usr/lib/ckan/venv/src/ckan/ckan/views/resource.py;199
experimental;/usr/lib/ckan/venv/src/ckan/ckan/views/resource.py;200
experimental;/usr/lib/ckan/venv/src/ckan/ckan/views/resource.py;201
experimental;/usr/lib/ckan/venv/src/ckan/ckan/views/resource.py;202
experimental;/usr/lib/ckan/venv/src/ckan/ckan/views/resource.py;203
experimental;/usr/lib/ckan/venv/src/ckan/ckan/views/resource.py;207
experimental;/usr/lib/ckan/venv/src/ckan/ckan/views/resource.py;208
experimental;/usr/lib/ckan/venv/src/ckan/ckan/views/resource.py;209
experimental;/usr/lib/ckan/venv/src/ckan/ckan/views/resource.py;210
experimental;/usr/lib/ckan/venv/src/ckan/ckan/views/resource.py;211
experimental;/usr/lib/ckan/venv/src/ckan/ckan/views/resource.py;212
experimental;/usr/lib/ckan/venv/src/ckan/ckan/views/resource.py;213
experimental;/usr/lib/ckan/venv/src/ckan/ckan/views/resource.py;215
experimental;/usr/lib/ckan/venv/src/ckan/ckan/views/resource.py;246
experimental;/usr/lib/ckan/venv/src/ckan/ckan/views/resource.py;247
experimental;/usr/lib/ckan/venv/src/ckan/ckan/views/resource.py;248
experimental;/usr/lib/ckan/venv/src/ckan/ckan/views/resource.py;252
experimental;/usr/lib/ckan/venv/src/ckan/ckan/views/resource.py;267
experimental;/usr/lib/ckan/venv/src/ckan/ckan/views/resource.py;275
experimental;/usr/lib/ckan/venv/src/ckan/ckan/views/resource.py;278
experimental;/usr/lib/ckan/venv/src/ckan/ckan/views/resource.py;283
experimental;/usr/lib/ckan/venv/src/ckan/ckan/views/resource.py;284
experimental;/usr/lib/ckan/venv/src/ckan/ckan/views/resource.py;285
experimental;/usr/lib/ckan/venv/src/ckan/ckan/logic/action/update.py;249
experimental;/usr/lib/ckan/venv/src/ckan/ckan/logic/action/update.py;250
experimental;/usr/lib/ckan/venv/src/ckan/ckan/logic/action/update.py;251
experimental;/usr/lib/ckan/venv/src/ckan/ckan/logic/action/update.py;252
experimental;/usr/lib/ckan/venv/src/ckan/ckan/logic/action/update.py;255
experimental;/usr/lib/ckan/venv/src/ckan/ckan/logic/action/update.py;256
experimental;/usr/lib/ckan/venv/src/ckan/ckan/logic/action/update.py;258
experimental;/usr/lib/ckan/venv/src/ckan/ckan/logic/action/update.py;261
experimental;/usr/lib/ckan/venv/src/ckan/ckan/logic/action/update.py;262
experimental;/usr/lib/ckan/venv/src/ckan/ckan/logic/action/update.py;264
experimental;/usr/lib/ckan/venv/src/ckan/ckan/logic/action/update.py;266
experimental;/usr/lib/ckan/venv/src/ckan/ckan/logic/action/update.py;268
experimental;/usr/lib/ckan/venv/src/ckan/ckan/logic/action/update.py;269
experimental;/usr/lib/ckan/venv/src/ckan/ckan/logic/action/update.py;272
experimental;/usr/lib/ckan/venv/src/ckan/ckan/logic/action/update.py;274
experimental;/usr/lib/ckan/venv/src/ckan/ckan/logic/action/update.py;278
experimental;/usr/lib/ckan/venv/src/ckan/ckan/logic/action/update.py;279
experimental;/usr/lib/ckan/venv/src/ckan/ckan/logic/action/update.py;287
experimental;/usr/lib/ckan/venv/src/ckan/ckan/logic/action/update.py;288
experimental;/usr/lib/ckan/venv/src/ckan/ckan/logic/action/update.py;290
experimental;/usr/lib/ckan/venv/src/ckan/ckan/logic/action/update.py;292
experimental;/usr/lib/ckan/venv/src/ckan/ckan/logic/action/update.py;296
experimental;/usr/lib/ckan/venv/src/ckan/ckan/logic/action/update.py;300
experimental;/usr/lib/ckan/venv/src/ckan/ckan/logic/action/update.py;302
experimental;/usr/lib/ckan/venv/src/ckan/ckan/logic/action/update.py;303
experimental;/usr/lib/ckan/venv/src/ckan/ckan/logic/action/update.py;304
experimental;/usr/lib/ckan/venv/src/ckan/ckan/logic/action/update.py;305
experimental;/usr/lib/ckan/venv/src/ckan/ckan/logic/action/update.py;306
experimental;/usr/lib/ckan/venv/src/ckan/ckan/logic/action/update.py;307
experimental;/usr/lib/ckan/venv/src/ckan/ckan/logic/action/update.py;309
experimental;/usr/lib/ckan/venv/src/ckan/ckan/logic/action/update.py;314
experimental;/usr/lib/ckan/venv/src/ckan/ckan/logic/action/update.py;315
experimental;/usr/lib/ckan/venv/src/ckan/ckan/logic/action/update.py;316
experimental;/usr/lib/ckan/venv/src/ckan/ckan/logic/action/update.py;318
experimental;/usr/lib/ckan/venv/src/ckan/ckan/logic/action/update.py;320
experimental;/usr/lib/ckan/venv/src/ckan/ckan/logic/action/update.py;321
experimental;/usr/lib/ckan/venv/src/ckan/ckan/logic/action/update.py;322
experimental;/usr/lib/ckan/venv/src/ckan/ckan/logic/action/update.py;323
experimental;/usr/lib/ckan/venv/src/ckan/ckan/logic/action/update.py;324
experimental;/usr/lib/ckan/venv/src/ckan/ckan/logic/action/update.py;325
experimental;/usr/lib/ckan/venv/src/ckan/ckan/logic/action/update.py;328
experimental;/usr/lib/ckan/venv/src/ckan/ckan/logic/action/update.py;329
experimental;/usr/lib/ckan/venv/src/ckan/ckan/logic/action/update.py;330
experimental;/usr/lib/ckan/venv/src/ckan/ckan/logic/action/update.py;331
experimental;/usr/lib/ckan/venv/src/ckan/ckan/logic/action/update.py;333
experimental;/usr/lib/ckan/venv/src/ckan/ckan/logic/action/update.py;335
experimental;/usr/lib/ckan/venv/src/ckan/ckan/logic/action/update.py;336
experimental;/usr/lib/ckan/venv/src/ckan/ckan/logic/action/update.py;338
experimental;/usr/lib/ckan/venv/src/ckan/ckan/logic/action/update.py;341
experimental;/usr/lib/ckan/venv/src/ckan/ckan/logic/action/update.py;342
experimental;/usr/lib/ckan/venv/src/ckan/ckan/logic/action/update.py;343
experimental;/usr/lib/ckan/venv/src/ckan/ckan/logic/action/update.py;344
experimental;/usr/lib/ckan/venv/src/ckan/ckan/logic/action/update.py;348
experimental;/usr/lib/ckan/venv/src/ckan/ckan/logic/action/update.py;349
experimental;/usr/lib/ckan/venv/src/ckan/ckan/logic/action/update.py;351
experimental;/usr/lib/ckan/venv/src/ckan/ckan/logic/action/update.py;354
experimental;/usr/lib/ckan/venv/src/ckan/ckan/logic/action/update.py;356
experimental;/usr/lib/ckan/venv/src/ckan/ckan/logic/action/update.py;359
experimental;/usr/lib/ckan/venv/src/ckan/ckan/logic/action/update.py;362
experimental;/usr/lib/ckan/venv/src/ckan/ckan/logic/action/update.py;363
experimental;/usr/lib/ckan/venv/src/ckan/ckan/logic/action/update.py;364
experimental;/usr/lib/ckan/venv/src/ckan/ckan/logic/action/update.py;366
experimental;/usr/lib/ckan/venv/src/ckan/ckan/logic/action/update.py;1179
experimental;/usr/lib/ckan/venv/src/ckan/ckan/logic/action/update.py;1180
experimental;/usr/lib/ckan/venv/src/ckan/ckan/logic/action/update.py;1181
experimental;/usr/lib/ckan/venv/src/ckan/ckan/logic/action/update.py;1182
experimental;/usr/lib/ckan/venv/src/ckan/ckan/logic/action/update.py;1184
experimental;/usr/lib/ckan/venv/src/ckan/ckan/logic/action/update.py;1186
experimental;/usr/lib/ckan/venv/src/ckan/ckan/logic/action/update.py;1187
experimental;/usr/lib/ckan/venv/src/ckan/ckan/logic/action/update.py;1189
experimental;/usr/lib/ckan/venv/src/ckan/ckan/logic/action/update.py;1197
experimental;/usr/lib/ckan/venv/src/ckan/ckan/logic/action/update.py;1198
experimental;/usr/lib/ckan/venv/src/ckan/ckan/logic/action/update.py;1200
experimental;/usr/lib/ckan/venv/src/ckan/ckan/logic/action/update.py;1201
experimental;/usr/lib/ckan/venv/src/ckan/ckan/logic/action/update.py;1202
experimental;/usr/lib/ckan/venv/src/ckan/ckan/logic/action/update.py;1204
experimental;/usr/lib/ckan/venv/src/ckan/ckan/logic/action/update.py;1205
experimental;/usr/lib/ckan/venv/src/ckan/ckan/logic/action/update.py;1213
experimental;/usr/lib/ckan/venv/src/ckan/ckan/logic/action/update.py;1222
experimental;/usr/lib/ckan/venv/src/ckan/ckan/model/modification.py;50
experimental;/usr/lib/ckan/venv/src/ckan/ckan/templates/snippets/activities/changed_package.html;1
experimental;/usr/lib/ckan/venv/src/ckan/ckan/templates/snippets/activities/changed_package.html;2
experimental;/usr/lib/ckan/venv/src/ckan/ckan/templates/snippets/activities/changed_package.html;3
experimental;/usr/lib/ckan/venv/src/ckan/ckan/templates/snippets/activities/changed_package.html;5
experimental;/usr/lib/ckan/venv/src/ckan/ckan/templates/snippets/activities/changed_package.html;6
experimental;/usr/lib/ckan/venv/src/ckan/ckan/templates/snippets/activities/changed_package.html;7
experimental;/usr/lib/ckan/venv/src/ckan/ckan/templates/snippets/activities/changed_package.html;9
experimental;/usr/lib/ckan/venv/src/ckan/ckan/templates/snippets/activities/changed_package.html;10
experimental;/usr/lib/ckan/venv/src/ckan/ckan/templates/snippets/activities/changed_package.html;11
experimental;/usr/lib/ckan/venv/src/ckan/ckan/templates/snippets/activities/changed_package.html;12
experimental;/usr/lib/ckan/venv/src/ckan/ckan/templates/snippets/activities/changed_package.html;13
experimental;/usr/lib/ckan/venv/src/ckan/ckan/templates/snippets/activities/changed_package.html;14
experimental;/usr/lib/ckan/venv/src/ckan/ckan/templates/snippets/activities/changed_package.html;15
experimental;/usr/lib/ckan/venv/src/ckan/ckan/templates/snippets/activities/changed_package.html;16
experimental;/usr/lib/ckan/venv/src/ckan/ckan/templates/snippets/activities/changed_package.html;17
experimental;/usr/lib/ckan/venv/src/ckan/ckan/templates/snippets/activities/changed_package.html;19
experimental;/usr/lib/ckan/venv/src/ckan/ckan/templates/snippets/activities/changed_package.html;20
experimental;/usr/lib/ckan/venv/src/ckan/ckan/templates/snippets/activities/changed_package.html;21
experimental;/usr/lib/ckan/venv/src/ckan/ckan/templates/snippets/activities/changed_package.html;22
experimental;/usr/lib/ckan/venv/src/ckan/ckan/templates/snippets/activities/changed_package.html;23
experimental;/usr/lib/ckan/venv/src/ckan/ckan/templates/snippets/activities/changed_package.html;24
experimental;/usr/lib/ckan/venv/src/ckan/ckan/templates/snippets/activities/changed_package.html;25
experimental;/usr/lib/ckan/venv/src/ckan/ckan/templates/snippets/activities/changed_package.html;27
experimental;/usr/lib/ckan/venv/src/ckan/ckan/templates/snippets/activities/changed_package.html;29
experimental;/usr/lib/ckan/venv/src/ckan/ckan/templates/snippets/activities/changed_package.html;30
experimental;/usr/lib/ckan/venv/src/ckan/ckan/templates/snippets/activities/changed_package.html;31
experimental;/usr/lib/ckan/venv/src/ckan/ckan/templates/snippets/activities/changed_package.html;32
experimental;/usr/lib/ckan/venv/src/ckan/ckan/templates/snippets/activities/changed_package.html;33
experimental;/usr/lib/ckan/venv/src/ckan/ckan/templates/snippets/activities/changed_package.html;35
experimental;/usr/lib/ckan/venv/src/ckan/ckan/templates/snippets/activities/changed_package.html;37
experimental;/usr/lib/ckan/venv/src/ckan/ckan/templates/snippets/activities/changed_package.html;38
experimental;/usr/lib/ckan/venv/src/ckan/ckan/lib/uploader.py;67
experimental;/usr/lib/ckan/venv/src/ckan/ckan/lib/uploader.py;68
experimental;/usr/lib/ckan/venv/src/ckan/ckan/lib/uploader.py;74
experimental;/usr/lib/ckan/venv/src/ckan/ckan/lib/uploader.py;75
experimental;/usr/lib/ckan/venv/src/ckan/ckan/lib/uploader.py;77
experimental;/usr/lib/ckan/venv/src/ckan/ckan/lib/uploader.py;106
experimental;/usr/lib/ckan/venv/src/ckan/ckan/lib/uploader.py;107
experimental;/usr/lib/ckan/venv/src/ckan/ckan/lib/uploader.py;108
experimental;/usr/lib/ckan/venv/src/ckan/ckan/lib/uploader.py;198
experimental;/usr/lib/ckan/venv/src/ckan/ckan/lib/uploader.py;199
experimental;/usr/lib/ckan/venv/src/ckan/ckan/lib/uploader.py;201
experimental;/usr/lib/ckan/venv/src/ckan/ckan/lib/uploader.py;204
experimental;/usr/lib/ckan/venv/src/ckan/ckan/lib/uploader.py;205
experimental;/usr/lib/ckan/venv/src/ckan/ckan/lib/uploader.py;206
experimental;/usr/lib/ckan/venv/src/ckan/ckan/lib/uploader.py;207
experimental;/usr/lib/ckan/venv/src/ckan/ckan/lib/uploader.py;209
experimental;/usr/lib/ckan/venv/src/ckan/ckan/lib/uploader.py;211
experimental;/usr/lib/ckan/venv/src/ckan/ckan/lib/uploader.py;212
experimental;/usr/lib/ckan/venv/src/ckan/ckan/lib/uploader.py;214
experimental;/usr/lib/ckan/venv/src/ckan/ckan/lib/uploader.py;216
experimental;/usr/lib/ckan/venv/src/ckan/ckan/lib/uploader.py;217
experimental;/usr/lib/ckan/venv/src/ckan/ckan/lib/uploader.py;219
experimental;/usr/lib/ckan/venv/src/ckan/ckan/lib/uploader.py;222
experimental;/usr/lib/ckan/venv/src/ckan/ckan/lib/uploader.py;250
experimental;/usr/lib/ckan/venv/src/ckan/ckan/lib/uploader.py;254
experimental;/usr/lib/ckan/venv/src/ckan/ckan/lib/uploader.py;255
experimental;/usr/lib/ckan/venv/src/ckan/ckan/lib/uploader.py;256
experimental;/usr/lib/ckan/venv/src/ckan/ckan/lib/uploader.py;259
experimental;/usr/lib/ckan/venv/src/ckan/ckan/lib/uploader.py;260
experimental;/usr/lib/ckan/venv/src/ckan/ckan/lib/uploader.py;261
experimental;/usr/lib/ckan/venv/src/ckan/ckan/lib/uploader.py;273
experimental;/usr/lib/ckan/venv/src/ckan/ckan/lib/uploader.py;278
experimental;/usr/lib/ckan/venv/src/ckan/ckan/lib/uploader.py;279
experimental;/usr/lib/ckan/venv/src/ckan/ckan/lib/uploader.py;285
experimental;/usr/lib/ckan/venv/src/ckan/ckan/lib/uploader.py;309
experimental;/usr/lib/ckan/venv/src/ckan/ckan/logic/action/get.py;3210
experimental;/usr/lib/ckan/venv/src/ckan/ckan/model/package.py;104
experimental;/usr/lib/ckan/venv/src/ckan/ckan/model/package.py;105
experimental;/usr/lib/ckan/venv/src/ckan/ckan/model/package.py;106
experimental;/usr/lib/ckan/venv/src/ckan/ckan/model/package.py;436
experimental;/usr/lib/ckan/venv/src/ckan/ckan/model/package.py;437
experimental;/usr/lib/ckan/venv/src/ckan/ckan/model/package.py;439
experimental;/usr/lib/ckan/venv/src/ckan/ckan/model/package.py;446
experimental;/usr/lib/ckan/venv/src/ckan/ckan/model/package.py;457
experimental;/usr/lib/ckan/venv/src/ckan/ckan/model/package.py;460
experimental;/usr/lib/ckan/venv/src/ckan/ckan/model/package.py;461
experimental;/usr/lib/ckan/venv/src/ckan/ckan/model/package.py;462
experimental;/usr/lib/ckan/venv/src/ckan/ckan/model/package.py;463
experimental;/usr/lib/ckan/venv/src/ckan/ckan/model/package.py;464
experimental;/usr/lib/ckan/venv/src/ckan/ckan/model/package.py;465
experimental;/usr/lib/ckan/venv/src/ckan/ckan/model/package.py;466
experimental;/usr/lib/ckan/venv/src/ckan/ckan/model/package.py;467
experimental;/usr/lib/ckan/venv/src/ckan/ckan/model/package.py;476
experimental;/usr/lib/ckan/venv/src/ckan/ckan/model/package.py;478
experimental;/usr/lib/ckan/venv/src/ckan/ckan/model/package.py;479
experimental;/usr/lib/ckan/venv/src/ckan/ckan/model/package.py;480
experimental;/usr/lib/ckan/venv/src/ckan/ckan/model/package.py;481
experimental;/usr/lib/ckan/venv/src/ckan/ckan/model/package.py;482
experimental;/usr/lib/ckan/venv/src/ckan/ckan/model/package.py;483
experimental;/usr/lib/ckan/venv/src/ckan/ckan/model/package.py;486
experimental;/usr/lib/ckan/venv/src/ckan/ckan/lib/search/__init__.py;123
experimental;/usr/lib/ckan/venv/src/ckan/ckan/logic/schema.py;61
experimental;/usr/lib/ckan/venv/src/ckan/ckan/logic/schema.py;62
experimental;/usr/lib/ckan/venv/src/ckan/ckan/logic/schema.py;153
experimental;/usr/lib/ckan/venv/src/ckan/ckan/logic/schema.py;155
experimental;/usr/lib/ckan/venv/src/ckan/ckan/logic/schema.py;159
experimental;/usr/lib/ckan/venv/src/ckan/ckan/logic/schema.py;163
experimental;/usr/lib/ckan/venv/src/ckan/ckan/logic/schema.py;164
experimental;/usr/lib/ckan/venv/src/ckan/ckan/logic/schema.py;168
experimental;/usr/lib/ckan/venv/src/ckan/ckan/logic/schema.py;170
experimental;/usr/lib/ckan/venv/src/ckan/ckan/logic/schema.py;172
experimental;/usr/lib/ckan/venv/src/ckan/ckan/lib/navl/validators.py;125
experimental;/usr/lib/ckan/venv/src/ckan/ckan/lib/navl/validators.py;126
experimental;/usr/lib/ckan/venv/src/ckan/ckan/model/resource.py;67
experimental;/usr/lib/ckan/venv/src/ckan/ckan/model/resource.py;68
experimental;/usr/lib/ckan/venv/src/ckan/ckan/model/resource.py;69
experimental;/usr/lib/ckan/venv/src/ckan/ckan/model/resource.py;70
experimental;/usr/lib/ckan/venv/src/ckan/ckan/model/resource.py;71
experimental;/usr/lib/ckan/venv/src/ckan/ckan/model/resource.py;72
experimental;/usr/lib/ckan/venv/src/ckan/ckan/model/resource.py;75
experimental;/usr/lib/ckan/venv/src/ckan/ckan/model/resource.py;76
experimental;/usr/lib/ckan/venv/src/ckan/ckan/model/resource.py;77
experimental;/usr/lib/ckan/venv/src/ckan/ckan/model/resource.py;78
experimental;/usr/lib/ckan/venv/src/ckan/ckan/model/resource.py;79
experimental;/usr/lib/ckan/venv/src/ckan/ckan/model/resource.py;80
experimental;/usr/lib/ckan/venv/src/ckan/ckan/model/resource.py;84
experimental;/usr/lib/ckan/venv/src/ckan/ckan/model/resource.py;155
experimental;/usr/lib/ckan/venv/src/ckan/ckan/model/types.py;57
experimental;/usr/lib/ckan/venv/src/ckan/ckan/model/types.py;75
experimental;/usr/lib/ckan/venv/src/ckan/ckan/model/types.py;76
experimental;/usr/lib/ckan/venv/src/ckan/ckan/model/types.py;78
experimental;/usr/lib/ckan/venv/src/ckan/ckan/model/types.py;81
experimental;/usr/lib/ckan/venv/src/ckan/ckan/lib/plugins.py;343
experimental;/usr/lib/ckan/venv/src/ckan/ckan/lib/dictization/__init__.py;113
experimental;/usr/lib/ckan/venv/src/ckan/ckan/lib/dictization/__init__.py;114
experimental;/usr/lib/ckan/venv/src/ckan/ckan/lib/dictization/__init__.py;134
experimental;/usr/lib/ckan/venv/src/ckan/ckan/lib/dictization/__init__.py;139
experimental;/usr/lib/ckan/venv/src/ckan/ckan/lib/dictization/__init__.py;140
experimental;/usr/lib/ckan/venv/src/ckan/ckan/lib/dictization/__init__.py;141
experimental;/usr/lib/ckan/venv/src/ckan/ckan/lib/dictization/__init__.py;142
experimental;/usr/lib/ckan/venv/src/ckan/ckan/lib/dictization/__init__.py;146
experimental;/usr/lib/ckan/venv/src/ckan/ckan/logic/validators.py;87
experimental;/usr/lib/ckan/venv/src/ckan/ckan/logic/validators.py;88
experimental;/usr/lib/ckan/venv/src/ckan/ckan/logic/validators.py;91
experimental;/usr/lib/ckan/venv/src/ckan/ckan/logic/validators.py;443
experimental;/usr/lib/ckan/venv/src/ckan/ckan/logic/validators.py;447
experimental;/usr/lib/ckan/venv/src/ckan/ckan/logic/validators.py;451
experimental;/usr/lib/ckan/venv/src/ckan/ckan/logic/validators.py;455
experimental;/usr/lib/ckan/venv/src/ckan/ckan/logic/validators.py;456
experimental;/usr/lib/ckan/venv/src/ckan/ckan/logic/validators.py;459
experimental;/usr/lib/ckan/venv/src/ckan/ckan/logic/validators.py;496
experimental;/usr/lib/ckan/venv/src/ckan/ckan/logic/validators.py;497
experimental;/usr/lib/ckan/venv/src/ckan/ckan/logic/validators.py;499
experimental;/usr/lib/ckan/venv/src/ckan/ckan/logic/validators.py;502
experimental;/usr/lib/ckan/venv/src/ckan/ckan/logic/validators.py;503
experimental;/usr/lib/ckan/venv/src/ckan/ckan/logic/validators.py;751
experimental;/usr/lib/ckan/venv/src/ckan/ckan/logic/validators.py;752
experimental;/usr/lib/ckan/venv/src/ckan/ckan/logic/validators.py;753
experimental;/usr/lib/ckan/venv/src/ckan/ckan/logic/validators.py;755
experimental;/usr/lib/ckan/venv/src/ckan/ckan/logic/validators.py;757
experimental;/usr/lib/ckan/venv/src/ckan/ckan/logic/validators.py;760
experimental;/usr/lib/ckan/venv/src/ckan/ckan/logic/validators.py;771
experimental;/usr/lib/ckan/venv/src/ckan/ckan/logic/validators.py;785
experimental;/usr/lib/ckan/venv/src/ckan/ckan/logic/validators.py;786
experimental;/usr/lib/ckan/venv/src/ckan/ckan/logic/validators.py;789
experimental;/usr/lib/ckan/venv/src/ckan/ckan/logic/validators.py;790
experimental;/usr/lib/ckan/venv/src/ckan/ckan/logic/validators.py;791
experimental;/usr/lib/ckan/venv/src/ckan/ckan/logic/validators.py;792
experimental;/usr/lib/ckan/venv/src/ckan/ckan/model/activity.py;54
experimental;/usr/lib/ckan/venv/src/ckan/ckan/model/activity.py;55
experimental;/usr/lib/ckan/venv/src/ckan/ckan/model/activity.py;56
experimental;/usr/lib/ckan/venv/src/ckan/ckan/model/activity.py;57
experimental;/usr/lib/ckan/venv/src/ckan/ckan/model/activity.py;58
experimental;/usr/lib/ckan/venv/src/ckan/ckan/model/activity.py;59
experimental;/usr/lib/ckan/venv/src/ckan/ckan/model/activity.py;62
experimental;/usr/lib/ckan/venv/src/ckan/ckan/model/domain_object.py;139
experimental;/usr/lib/ckan/venv/src/ckan/ckan/model/domain_object.py;141
experimental;/usr/lib/ckan/venv/src/ckan/ckan/model/extension.py;40
experimental;/usr/lib/ckan/venv/src/ckan/ckan/model/extension.py;44
experimental;/usr/lib/ckan/venv/src/ckan/ckan/model/extension.py;45
experimental;/usr/lib/ckan/venv/src/ckan/ckan/model/extension.py;49
experimental;/usr/lib/ckan/venv/src/ckan/ckan/model/extension.py;50
experimental;/usr/lib/ckan/venv/src/ckan/ckan/model/extension.py;59
experimental;/usr/lib/ckan/venv/src/ckan/ckan/model/extension.py;60
experimental;/usr/lib/ckan/venv/src/ckan/ckan/model/extension.py;64
experimental;/usr/lib/ckan/venv/src/ckan/ckan/model/extension.py;65
experimental;/usr/lib/ckan/venv/src/ckan/ckan/plugins/core.py;243
experimental;/usr/lib/ckan/venv/src/ckan/ckan/plugins/core.py;245
experimental;/usr/lib/ckan/venv/src/ckan/ckan/plugins/interfaces.py;617
experimental;/usr/lib/ckan/venv/src/ckan/ckan/plugins/interfaces.py;638
experimental;/usr/lib/python3.8/urllib/parse.py;162
experimental;/usr/lib/python3.8/urllib/parse.py;469
experimental;/usr/lib/python3.8/urllib/parse.py;470
experimental;/usr/lib/python3.8/urllib/parse.py;471
experimental;/usr/lib/ckan/venv/src/ckan/ckan/config/middleware/flask_app.py;436
experimental;/usr/lib/ckan/venv/src/ckan/ckan/config/middleware/flask_app.py;437
control-defaultactionselection;/usr/lib/ckan/venv/src/ckan/ckan/logic/auth/get.py;295
control-defaultactionselection;/usr/lib/ckan/venv/src/ckan/ckan/logic/auth/get.py;296
control-defaultactionselection;/usr/lib/ckan/venv/src/ckan/ckan/templates/group/members.html;1
control-defaultactionselection;/usr/lib/ckan/venv/src/ckan/ckan/templates/group/members.html;2
control-defaultactionselection;/usr/lib/ckan/venv/src/ckan/ckan/templates/group/members.html;3
control-defaultactionselection;/usr/lib/ckan/venv/src/ckan/ckan/templates/group/members.html;5
control-defaultactionselection;/usr/lib/ckan/venv/src/ckan/ckan/templates/group/members.html;6
control-defaultactionselection;/usr/lib/ckan/venv/src/ckan/ckan/templates/group/members.html;7
control-defaultactionselection;/usr/lib/ckan/venv/src/ckan/ckan/templates/group/members.html;9
control-defaultactionselection;/usr/lib/ckan/venv/src/ckan/ckan/templates/group/members.html;11
control-defaultactionselection;/usr/lib/ckan/venv/src/ckan/ckan/templates/group/members.html;12
control-defaultactionselection;/usr/lib/ckan/venv/src/ckan/ckan/templates/group/members.html;13
control-defaultactionselection;/usr/lib/ckan/venv/src/ckan/ckan/templates/group/members.html;14
control-defaultactionselection;/usr/lib/ckan/venv/src/ckan/ckan/templates/group/members.html;16
control-defaultactionselection;/usr/lib/ckan/venv/src/ckan/ckan/templates/group/members.html;17
control-defaultactionselection;/usr/lib/ckan/venv/src/ckan/ckan/templates/group/members.html;18
control-defaultactionselection;/usr/lib/ckan/venv/src/ckan/ckan/templates/group/members.html;20
control-defaultactionselection;/usr/lib/ckan/venv/src/ckan/ckan/templates/group/members.html;21
control-defaultactionselection;/usr/lib/ckan/venv/src/ckan/ckan/templates/group/members.html;22
control-defaultactionselection;/usr/lib/ckan/venv/src/ckan/ckan/templates/group/members.html;24
control-defaultactionselection;/usr/lib/ckan/venv/src/ckan/ckan/templates/group/members.html;25
control-defaultactionselection;/usr/lib/ckan/venv/src/ckan/ckan/templates/group/members.html;26
control-defaultactionselection;/usr/lib/ckan/venv/src/ckan/ckan/templates/group/members.html;27
control-defaultactionselection;/usr/lib/ckan/venv/src/ckan/ckan/templates/group/members.html;28
control-defaultactionselection;/usr/lib/ckan/venv/src/ckan/ckan/templates/group/members.html;29
control-defaultactionselection;/usr/lib/ckan/venv/src/ckan/ckan/templates/group/members.html;32
control-defaultactionselection;/usr/lib/ckan/venv/src/ckan/ckan/templates/group/members.html;33
control-defaultactionselection;/usr/lib/ckan/venv/src/ckan/ckan/templates/group/members.html;34
control-defaultactionselection;/usr/lib/ckan/venv/src/ckan/ckan/templates/group/members.html;36
control-defaultactionselection;/usr/lib/ckan/venv/src/ckan/ckan/templates/group/members.html;37
control-defaultactionselection;/usr/lib/ckan/venv/src/ckan/ckan/templates/group/members.html;38
control-defaultactionselection;/usr/lib/ckan/venv/src/ckan/ckan/templates/group/members.html;40
control-defaultactionselection;/usr/lib/ckan/venv/src/ckan/ckan/templates/group/members.html;41
control-defaultactionselection;/usr/lib/ckan/venv/src/ckan/ckan/templates/group/members.html;42
control-defaultactionselection;/usr/lib/ckan/venv/src/ckan/ckan/templates/group/members.html;44
control-defaultactionselection;/usr/lib/ckan/venv/src/ckan/ckan/templates/group/members.html;45
control-defaultactionselection;/usr/lib/ckan/venv/src/ckan/ckan/templates/group/members.html;46
control-defaultactionselection;/usr/lib/ckan/venv/src/ckan/ckan/templates/group/members.html;48
control-defaultactionselection;/usr/lib/ckan/venv/src/ckan/ckan/templates/group/members.html;49
control-defaultactionselection;/usr/lib/ckan/venv/src/ckan/ckan/templates/group/members.html;50
control-defaultactionselection;/usr/lib/ckan/venv/src/ckan/ckan/templates/group/members.html;52
control-defaultactionselection;/usr/lib/ckan/venv/src/ckan/ckan/templates/group/members.html;53
control-defaultactionselection;/usr/lib/ckan/venv/src/ckan/ckan/templates/group/members.html;54
control-defaultactionselection;/usr/lib/ckan/venv/src/ckan/ckan/templates/group/members.html;55
control-defaultactionselection;/usr/lib/ckan/venv/src/ckan/ckan/templates/group/members.html;57
control-defaultactionselection;/usr/lib/ckan/venv/src/ckan/ckan/templates/group/members.html;73
control-defaultactionselection;/usr/lib/ckan/venv/src/ckan/ckan/templates/group/members.html;74
control-defaultactionselection;/usr/lib/ckan/venv/src/ckan/ckan/templates/group/members.html;76
control-defaultactionselection;/usr/lib/ckan/venv/src/ckan/ckan/templates/group/members.html;83
control-defaultactionselection;/usr/lib/ckan/venv/src/ckan/ckan/templates/group/members.html;84
control-defaultactionselection;/usr/lib/ckan/venv/src/ckan/ckan/templates/group/edit_base.html;38
control-defaultactionselection;/usr/lib/ckan/venv/src/ckan/ckan/templates/group/edit_base.html;39
control-defaultactionselection;/usr/lib/ckan/venv/src/ckan/ckan/templates/group/edit_base.html;41
control-defaultactionselection;/usr/lib/ckan/venv/src/ckan/ckan/templates/group/edit_base.html;42
control-defaultactionselection;/usr/lib/ckan/venv/src/ckan/ckan/templates/group/edit_base.html;44
control-defaultactionselection;/usr/lib/ckan/venv/src/ckan/ckan/templates/group/edit_base.html;45
control-defaultactionselection;/usr/lib/ckan/venv/src/ckan/ckan/templates/group/edit_base.html;46
control-defaultactionselection;/usr/lib/ckan/venv/src/ckan/ckan/templates/group/edit_base.html;47
control-defaultactionselection;/usr/lib/ckan/venv/src/ckan/ckan/templates/group/edit_base.html;48
control-defaultactionselection;/usr/lib/ckan/venv/src/ckan/ckan/templates/group/edit_base.html;51
control-defaultactionselection;/usr/lib/ckan/venv/src/ckan/ckan/templates/group/edit_base.html;52
control-defaultactionselection;/usr/lib/ckan/venv/src/ckan/ckan/templates/group/edit_base.html;54
control-defaultactionselection;/usr/lib/ckan/venv/src/ckan/ckan/templates/group/edit_base.html;55
control-defaultactionselection;/usr/lib/ckan/venv/src/ckan/ckan/templates/group/edit_base.html;56
control-defaultactionselection;/usr/lib/ckan/venv/src/ckan/ckan/templates/group/edit_base.html;57
control-defaultactionselection;/usr/lib/ckan/venv/src/ckan/ckan/templates/group/edit_base.html;59
control-defaultactionselection;/usr/lib/ckan/venv/src/ckan/ckan/templates/group/edit_base.html;60
control-defaultactionselection;/usr/lib/ckan/venv/src/ckan/ckan/templates/group/edit_base.html;61
control-defaultactionselection;/usr/lib/ckan/venv/src/ckan/ckan/templates/group/edit_base.html;62
control-defaultactionselection;/usr/lib/ckan/venv/src/ckan/ckan/templates/group/edit_base.html;63
control-defaultactionselection;/usr/lib/ckan/venv/src/ckan/ckan/views/dashboard.py;36
control-defaultactionselection;/usr/lib/ckan/venv/src/ckan/ckan/views/dashboard.py;37
control-defaultactionselection;/usr/lib/ckan/venv/src/ckan/ckan/views/dashboard.py;38
control-defaultactionselection;/usr/lib/ckan/venv/src/ckan/ckan/views/dashboard.py;39
control-defaultactionselection;/usr/lib/ckan/venv/src/ckan/ckan/views/dashboard.py;40
control-defaultactionselection;/usr/lib/ckan/venv/src/ckan/ckan/views/dashboard.py;43
control-defaultactionselection;/usr/lib/ckan/venv/src/ckan/ckan/views/dashboard.py;44
control-defaultactionselection;/usr/lib/ckan/venv/src/ckan/ckan/views/dashboard.py;45
control-defaultactionselection;/usr/lib/ckan/venv/src/ckan/ckan/views/dashboard.py;46
control-defaultactionselection;/usr/lib/ckan/venv/src/ckan/ckan/views/dashboard.py;47
control-defaultactionselection;/usr/lib/ckan/venv/src/ckan/ckan/views/dashboard.py;48
control-defaultactionselection;/usr/lib/ckan/venv/src/ckan/ckan/views/dashboard.py;50
control-defaultactionselection;/usr/lib/ckan/venv/src/ckan/ckan/views/dashboard.py;51
control-defaultactionselection;/usr/lib/ckan/venv/src/ckan/ckan/views/dashboard.py;53
control-defaultactionselection;/usr/lib/ckan/venv/src/ckan/ckan/views/dashboard.py;54
control-defaultactionselection;/usr/lib/ckan/venv/src/ckan/ckan/views/dashboard.py;55
control-defaultactionselection;/usr/lib/ckan/venv/src/ckan/ckan/views/dashboard.py;56
control-defaultactionselection;/usr/lib/ckan/venv/src/ckan/ckan/views/dashboard.py;57
control-defaultactionselection;/usr/lib/ckan/venv/src/ckan/ckan/views/dashboard.py;59
control-defaultactionselection;/usr/lib/ckan/venv/src/ckan/ckan/views/dashboard.py;61
control-defaultactionselection;/usr/lib/ckan/venv/src/ckan/ckan/views/dashboard.py;63
control-defaultactionselection;/usr/lib/ckan/venv/src/ckan/ckan/views/dashboard.py;64
control-defaultactionselection;/usr/lib/ckan/venv/src/ckan/ckan/views/dashboard.py;68
control-defaultactionselection;/usr/lib/ckan/venv/src/ckan/ckan/views/dashboard.py;69
control-defaultactionselection;/usr/lib/ckan/venv/src/ckan/ckan/views/dashboard.py;70
control-defaultactionselection;/usr/lib/ckan/venv/src/ckan/ckan/views/dashboard.py;71
control-defaultactionselection;/usr/lib/ckan/venv/src/ckan/ckan/views/dashboard.py;72
control-defaultactionselection;/usr/lib/ckan/venv/src/ckan/ckan/views/dashboard.py;73
control-defaultactionselection;/usr/lib/ckan/venv/src/ckan/ckan/views/dashboard.py;74
control-defaultactionselection;/usr/lib/ckan/venv/src/ckan/ckan/templates/user/snippets/followee_dropdown.html;66
control-defaultactionselection;/usr/lib/ckan/venv/src/ckan/ckan/views/group.py;523
control-defaultactionselection;/usr/lib/ckan/venv/src/ckan/ckan/views/group.py;524
control-defaultactionselection;/usr/lib/ckan/venv/src/ckan/ckan/views/group.py;525
control-defaultactionselection;/usr/lib/ckan/venv/src/ckan/ckan/views/group.py;527
control-defaultactionselection;/usr/lib/ckan/venv/src/ckan/ckan/views/group.py;528
control-defaultactionselection;/usr/lib/ckan/venv/src/ckan/ckan/views/group.py;529
control-defaultactionselection;/usr/lib/ckan/venv/src/ckan/ckan/views/group.py;530
control-defaultactionselection;/usr/lib/ckan/venv/src/ckan/ckan/views/group.py;531
control-defaultactionselection;/usr/lib/ckan/venv/src/ckan/ckan/views/group.py;532
control-defaultactionselection;/usr/lib/ckan/venv/src/ckan/ckan/views/group.py;534
control-defaultactionselection;/usr/lib/ckan/venv/src/ckan/ckan/views/group.py;535
control-defaultactionselection;/usr/lib/ckan/venv/src/ckan/ckan/views/group.py;546
control-defaultactionselection;/usr/lib/ckan/venv/src/ckan/ckan/views/group.py;547
control-defaultactionselection;/usr/lib/ckan/venv/src/ckan/ckan/views/group.py;549
control-defaultactionselection;/usr/lib/ckan/venv/src/ckan/ckan/views/group.py;550
control-defaultactionselection;/usr/lib/ckan/venv/src/ckan/ckan/views/group.py;551
control-defaultactionselection;/usr/lib/ckan/venv/src/ckan/ckan/views/group.py;552
control-defaultactionselection;/usr/lib/ckan/venv/src/ckan/ckan/views/group.py;554
control-defaultactionselection;/usr/lib/ckan/venv/src/ckan/ckan/authz.py;247
control-defaultactionselection;/usr/lib/ckan/venv/src/ckan/ckan/authz.py;251
control-defaultactionselection;/usr/lib/ckan/venv/src/ckan/ckan/authz.py;255
control-defaultactionselection;/usr/lib/ckan/venv/src/ckan/ckan/authz.py;259
control-defaultactionselection;/usr/lib/ckan/venv/src/ckan/ckan/authz.py;260
control-defaultactionselection;/usr/lib/ckan/venv/src/ckan/ckan/authz.py;273
control-defaultactionselection;/usr/lib/ckan/venv/src/ckan/ckan/authz.py;274
control-defaultactionselection;/usr/lib/ckan/venv/src/ckan/ckan/authz.py;275
control-defaultactionselection;/usr/lib/ckan/venv/src/ckan/ckan/authz.py;276
control-defaultactionselection;/usr/lib/ckan/venv/src/ckan/ckan/lib/helpers.py;2215
control-defaultactionselection;/usr/lib/ckan/venv/src/ckan/ckan/lib/helpers.py;2216
control-defaultactionselection;/usr/lib/ckan/venv/src/ckan/ckan/lib/helpers.py;2217
control-defaultactionselection;/usr/lib/ckan/venv/src/ckan/ckan/lib/helpers.py;2218
control-defaultactionselection;/usr/lib/ckan/venv/src/ckan/ckan/lib/helpers.py;2219
control-defaultactionselection;/usr/lib/ckan/venv/src/ckan/ckan/lib/helpers.py;2221
control-defaultactionselection;/usr/lib/ckan/venv/src/ckan/ckan/lib/helpers.py;2222
control-defaultactionselection;/usr/lib/ckan/venv/src/ckan/ckan/logic/action/get.py;186
control-defaultactionselection;/usr/lib/ckan/venv/src/ckan/ckan/logic/action/get.py;188
control-defaultactionselection;/usr/lib/ckan/venv/src/ckan/ckan/logic/action/get.py;189
control-defaultactionselection;/usr/lib/ckan/venv/src/ckan/ckan/logic/action/get.py;192
control-defaultactionselection;/usr/lib/ckan/venv/src/ckan/ckan/logic/action/get.py;193
control-defaultactionselection;/usr/lib/ckan/venv/src/ckan/ckan/logic/action/get.py;196
control-defaultactionselection;/usr/lib/ckan/venv/src/ckan/ckan/logic/action/get.py;198
control-defaultactionselection;/usr/lib/ckan/venv/src/ckan/ckan/logic/action/get.py;199
control-defaultactionselection;/usr/lib/ckan/venv/src/ckan/ckan/logic/action/get.py;200
control-defaultactionselection;/usr/lib/ckan/venv/src/ckan/ckan/logic/action/get.py;202
control-defaultactionselection;/usr/lib/ckan/venv/src/ckan/ckan/logic/action/get.py;203
control-defaultactionselection;/usr/lib/ckan/venv/src/ckan/ckan/logic/action/get.py;204
control-defaultactionselection;/usr/lib/ckan/venv/src/ckan/ckan/logic/action/get.py;207
control-defaultactionselection;/usr/lib/ckan/venv/src/ckan/ckan/logic/action/get.py;209
control-defaultactionselection;/usr/lib/ckan/venv/src/ckan/ckan/logic/action/get.py;215
control-defaultactionselection;/usr/lib/ckan/venv/src/ckan/ckan/logic/action/get.py;216
control-defaultactionselection;/usr/lib/ckan/venv/src/ckan/ckan/templates/package/resources.html;1
control-defaultactionselection;/usr/lib/ckan/venv/src/ckan/ckan/templates/package/resources.html;2
control-defaultactionselection;/usr/lib/ckan/venv/src/ckan/ckan/templates/package/resources.html;3
control-defaultactionselection;/usr/lib/ckan/venv/src/ckan/ckan/templates/package/resources.html;5
control-defaultactionselection;/usr/lib/ckan/venv/src/ckan/ckan/templates/package/resources.html;6
control-defaultactionselection;/usr/lib/ckan/venv/src/ckan/ckan/templates/package/resources.html;7
control-defaultactionselection;/usr/lib/ckan/venv/src/ckan/ckan/templates/package/resources.html;9
control-defaultactionselection;/usr/lib/ckan/venv/src/ckan/ckan/templates/package/resources.html;10
control-defaultactionselection;/usr/lib/ckan/venv/src/ckan/ckan/templates/package/resources.html;11
control-defaultactionselection;/usr/lib/ckan/venv/src/ckan/ckan/templates/package/resources.html;12
control-defaultactionselection;/usr/lib/ckan/venv/src/ckan/ckan/templates/package/resources.html;14
control-defaultactionselection;/usr/lib/ckan/venv/src/ckan/ckan/templates/package/resources.html;15
control-defaultactionselection;/usr/lib/ckan/venv/src/ckan/ckan/templates/package/resources.html;16
control-defaultactionselection;/usr/lib/ckan/venv/src/ckan/ckan/templates/package/resources.html;17
control-defaultactionselection;/usr/lib/ckan/venv/src/ckan/ckan/templates/package/resources.html;18
control-defaultactionselection;/usr/lib/ckan/venv/src/ckan/ckan/templates/package/resources.html;19
control-defaultactionselection;/usr/lib/ckan/venv/src/ckan/ckan/templates/package/resources.html;20
control-defaultactionselection;/usr/lib/ckan/venv/src/ckan/ckan/templates/package/resources.html;22
control-defaultactionselection;/usr/lib/ckan/venv/src/ckan/ckan/templates/package/resources.html;23
control-defaultactionselection;/usr/lib/ckan/venv/src/ckan/ckan/templates/package/resources.html;24
control-defaultactionselection;/usr/lib/ckan/venv/src/ckan/ckan/templates/package/resources.html;26
control-defaultactionselection;/usr/lib/ckan/venv/src/ckan/ckan/templates/package/resources.html;27
control-defaultactionselection;/usr/lib/ckan/venv/src/ckan/ckan/templates/package/resources.html;28
control-defaultactionselection;/usr/lib/ckan/venv/src/ckan/ckan/templates/package/resources.html;29
control-defaultactionselection;/usr/lib/ckan/venv/src/ckan/ckan/templates/package/resources.html;31
control-defaultactionselection;/usr/lib/ckan/venv/src/ckan/ckan/templates/package/resources.html;32
control-defaultactionselection;/usr/lib/ckan/venv/src/ckan/ckan/templates/package/resources.html;33
control-defaultactionselection;/usr/lib/ckan/venv/src/ckan/ckan/templates/package/resources.html;34
control-defaultactionselection;/usr/lib/ckan/venv/src/ckan/ckan/templates/package/resources.html;37
control-defaultactionselection;/usr/lib/ckan/venv/src/ckan/ckan/templates/package/resources.html;38
control-defaultactionselection;/usr/lib/ckan/venv/src/ckan/ckan/templates/package/resources.html;39
control-defaultactionselection;/usr/lib/ckan/venv/src/ckan/ckan/templates/package/resources.html;41
control-defaultactionselection;/usr/lib/ckan/venv/src/ckan/ckan/templates/package/resources.html;42
control-defaultactionselection;/usr/lib/ckan/venv/src/ckan/ckan/templates/package/resources.html;44
control-defaultactionselection;/usr/lib/ckan/venv/src/ckan/ckan/templates/package/resources.html;45
control-defaultactionselection;/usr/lib/ckan/venv/src/ckan/ckan/templates/package/resources.html;46
control-defaultactionselection;/usr/lib/ckan/venv/src/ckan/ckan/templates/package/resources.html;48
control-defaultactionselection;/usr/lib/ckan/venv/src/ckan/ckan/templates/package/resources.html;49
control-defaultactionselection;/usr/lib/ckan/venv/src/ckan/ckan/templates/package/resources.html;50
control-defaultactionselection;/usr/lib/ckan/venv/src/ckan/ckan/templates/package/resources.html;52
control-defaultactionselection;/usr/lib/ckan/venv/src/ckan/ckan/templates/package/resources.html;53
control-defaultactionselection;/usr/lib/ckan/venv/src/ckan/ckan/templates/package/resources.html;54
control-defaultactionselection;/usr/lib/ckan/venv/src/ckan/ckan/templates/package/resources.html;55
control-defaultactionselection;/usr/lib/ckan/venv/src/ckan/ckan/templates/package/resources.html;56
control-defaultactionselection;/usr/lib/ckan/venv/src/ckan/ckan/templates/package/resources.html;57
control-defaultactionselection;/usr/lib/ckan/venv/src/ckan/ckan/templates/package/resources.html;59
control-defaultactionselection;/usr/lib/ckan/venv/src/ckan/ckan/templates/package/resources.html;60
control-defaultactionselection;/usr/lib/ckan/venv/src/ckan/ckan/templates/package/resources.html;62
control-defaultactionselection;/usr/lib/ckan/venv/src/ckan/ckan/templates/package/resources.html;63
control-defaultactionselection;/usr/lib/ckan/venv/src/ckan/ckan/templates/package/resources.html;65
control-defaultactionselection;/usr/lib/ckan/venv/src/ckan/ckan/templates/package/resources.html;66
control-defaultactionselection;/usr/lib/ckan/venv/src/ckan/ckan/templates/package/resources.html;68
control-defaultactionselection;/usr/lib/ckan/venv/src/ckan/ckan/templates/package/resources.html;69
control-defaultactionselection;/usr/lib/ckan/venv/src/ckan/ckan/templates/package/resources.html;70
control-defaultactionselection;/usr/lib/ckan/venv/src/ckan/ckan/templates/package/resources.html;71
control-defaultactionselection;/usr/lib/ckan/venv/src/ckan/ckan/templates/package/resources.html;73
control-defaultactionselection;/usr/lib/ckan/venv/src/ckan/ckan/templates/package/resources.html;74
control-defaultactionselection;/usr/lib/ckan/venv/src/ckan/ckan/templates/package/resources.html;75
control-defaultactionselection;/usr/lib/ckan/venv/src/ckan/ckan/templates/package/resources.html;76
control-defaultactionselection;/usr/lib/ckan/venv/src/ckan/ckan/templates/package/resources.html;77
control-defaultactionselection;/usr/lib/ckan/venv/src/ckan/ckan/templates/package/resources.html;84
control-defaultactionselection;/usr/lib/ckan/venv/src/ckan/ckan/templates/package/resources.html;86
control-defaultactionselection;/usr/lib/ckan/venv/src/ckan/ckan/templates/package/resources.html;87
control-defaultactionselection;/usr/lib/ckan/venv/src/ckan/ckan/templates/package/resources.html;88
control-defaultactionselection;/usr/lib/ckan/venv/src/ckan/ckan/templates/package/resources.html;90
control-defaultactionselection;/usr/lib/ckan/venv/src/ckan/ckan/templates/package/resources.html;91
control-defaultactionselection;/usr/lib/ckan/venv/src/ckan/ckan/templates/package/resources.html;93
control-defaultactionselection;/usr/lib/ckan/venv/src/ckan/ckan/templates/package/resources.html;94
control-defaultactionselection;/usr/lib/ckan/venv/src/ckan/ckan/templates/package/resources.html;96
control-defaultactionselection;/usr/lib/ckan/venv/src/ckan/ckan/templates/package/resources.html;98
control-defaultactionselection;/usr/lib/ckan/venv/src/ckan/ckan/templates/package/resources.html;99
control-defaultactionselection;/usr/lib/ckan/venv/src/ckan/ckan/templates/package/resources.html;100
control-defaultactionselection;/usr/lib/ckan/venv/src/ckan/ckan/templates/package/resources.html;101
control-defaultactionselection;/usr/lib/ckan/venv/src/ckan/ckan/templates/package/resources.html;103
control-defaultactionselection;/usr/lib/ckan/venv/src/ckan/ckan/templates/package/resources.html;104
control-defaultactionselection;/usr/lib/ckan/venv/src/ckan/ckan/views/dataset.py;381
control-defaultactionselection;/usr/lib/ckan/venv/src/ckan/ckan/views/dataset.py;382
control-defaultactionselection;/usr/lib/ckan/venv/src/ckan/ckan/views/dataset.py;383
control-defaultactionselection;/usr/lib/ckan/venv/src/ckan/ckan/views/dataset.py;384
control-defaultactionselection;/usr/lib/ckan/venv/src/ckan/ckan/views/dataset.py;385
control-defaultactionselection;/usr/lib/ckan/venv/src/ckan/ckan/views/dataset.py;386
control-defaultactionselection;/usr/lib/ckan/venv/src/ckan/ckan/views/dataset.py;388
control-defaultactionselection;/usr/lib/ckan/venv/src/ckan/ckan/views/dataset.py;390
control-defaultactionselection;/usr/lib/ckan/venv/src/ckan/ckan/views/dataset.py;391
control-defaultactionselection;/usr/lib/ckan/venv/src/ckan/ckan/views/dataset.py;400
control-defaultactionselection;/usr/lib/ckan/venv/src/ckan/ckan/views/dataset.py;401
control-defaultactionselection;/usr/lib/ckan/venv/src/ckan/ckan/views/dataset.py;402
control-defaultactionselection;/usr/lib/ckan/venv/src/ckan/ckan/views/dataset.py;406
control-defaultactionselection;/usr/lib/ckan/venv/src/ckan/ckan/views/dataset.py;407
control-defaultactionselection;/usr/lib/ckan/venv/src/ckan/ckan/views/dataset.py;410
control-defaultactionselection;/usr/lib/ckan/venv/src/ckan/ckan/views/dataset.py;411
control-defaultactionselection;/usr/lib/ckan/venv/src/ckan/ckan/views/dataset.py;413
control-defaultactionselection;/usr/lib/ckan/venv/src/ckan/ckan/views/dataset.py;414
control-defaultactionselection;/usr/lib/ckan/venv/src/ckan/ckan/views/dataset.py;415
control-defaultactionselection;/usr/lib/ckan/venv/src/ckan/ckan/views/dataset.py;416
control-defaultactionselection;/usr/lib/ckan/venv/src/ckan/ckan/views/dataset.py;417
control-defaultactionselection;/usr/lib/ckan/venv/src/ckan/ckan/templates/package/resource_read.html;236
control-defaultactionselection;/usr/lib/ckan/venv/src/ckan/ckan/templates/package/resource_read.html;237
control-defaultactionselection;/usr/lib/ckan/venv/src/ckan/ckan/templates/package/resource_read.html;238
control-defaultactionselection;/usr/lib/ckan/venv/src/ckan/ckan/templates/package/resource_read.html;239
control-defaultactionselection;/usr/lib/ckan/venv/src/ckan/ckan/views/resource.py;68
control-defaultactionselection;/usr/lib/ckan/venv/src/ckan/ckan/views/resource.py;69
control-defaultactionselection;/usr/lib/ckan/venv/src/ckan/ckan/views/resource.py;70
control-defaultactionselection;/usr/lib/ckan/venv/src/ckan/ckan/views/resource.py;71
control-defaultactionselection;/usr/lib/ckan/venv/src/ckan/ckan/views/resource.py;72
control-defaultactionselection;/usr/lib/ckan/venv/src/ckan/ckan/views/resource.py;76
control-defaultactionselection;/usr/lib/ckan/venv/src/ckan/ckan/views/resource.py;84
control-defaultactionselection;/usr/lib/ckan/venv/src/ckan/ckan/views/resource.py;88
control-defaultactionselection;/usr/lib/ckan/venv/src/ckan/ckan/templates/package/resources.html;80
control-defaultactionselection;/usr/lib/ckan/venv/src/ckan/ckan/templates/package/resources.html;81
control-defaultactionselection;/usr/lib/ckan/venv/src/ckan/ckan/templates/package/resources.html;82
control-defaultactionselection;/usr/lib/ckan/venv/src/ckan/ckan/templates/package/resources.html;83
control-defaultactionselection;/usr/lib/ckan/venv/src/ckan/ckan/logic/auth/__init__.py;48
control-defaultactionselection;/usr/lib/ckan/venv/src/ckan/ckan/logic/auth/get.py;317
control-defaultactionselection;/usr/lib/ckan/venv/src/ckan/ckan/logic/auth/get.py;320
control-defaultactionselection;/usr/lib/ckan/venv/src/ckan/ckan/logic/auth/get.py;321
control-defaultactionselection;/usr/lib/ckan/venv/src/ckan/ckan/logic/auth/get.py;324
control-defaultactionselection;/usr/lib/ckan/venv/src/ckan/ckan/logic/auth/get.py;325
control-defaultactionselection;/usr/lib/ckan/venv/src/ckan/ckan/logic/auth/get.py;326
control-defaultactionselection;/usr/lib/ckan/venv/src/ckan/ckan/logic/auth/get.py;327
control-defaultactionselection;/usr/lib/ckan/venv/src/ckan/ckan/logic/action/delete.py;784
control-defaultactionselection;/usr/lib/ckan/venv/src/ckan/ckan/logic/action/delete.py;785
control-defaultactionselection;/usr/lib/ckan/venv/src/ckan/ckan/logic/action/delete.py;786
control-defaultactionselection;/usr/lib/ckan/venv/src/ckan/ckan/logic/action/delete.py;787
